Scenario,Replication,Object Type,Object Name,Data Source,Category,Data Item,Statistic Type,Value
Scenario1,1,Model,Model,[Object],Costs,TotalCost,Total,0
Scenario1,2,Model,Model,[Object],Costs,TotalCost,Total,0
Scenario1,3,Model,Model,[Object],Costs,TotalCost,Total,0
Scenario1,4,Model,Model,[Object],Costs,TotalCost,Total,0
Scenario1,5,Model,Model,[Object],Costs,TotalCost,Total,0
Scenario1,1,ModelEntity,DefaultEntity,[Population],Content,NumberInSystem,Average,2.87898856468516
Scenario1,2,ModelEntity,DefaultEntity,[Population],Content,NumberInSystem,Average,2.29578075773019
Scenario1,3,ModelEntity,DefaultEntity,[Population],Content,NumberInSystem,Average,3.47721843563301
Scenario1,4,ModelEntity,DefaultEntity,[Population],Content,NumberInSystem,Average,2.89970508555044
Scenario1,5,ModelEntity,DefaultEntity,[Population],Content,NumberInSystem,Average,6.74412788088439
Scenario1,1,ModelEntity,DefaultEntity,[Population],Content,NumberInSystem,Maximum,11
Scenario1,2,ModelEntity,DefaultEntity,[Population],Content,NumberInSystem,Maximum,12
Scenario1,3,ModelEntity,DefaultEntity,[Population],Content,NumberInSystem,Maximum,15
Scenario1,4,ModelEntity,DefaultEntity,[Population],Content,NumberInSystem,Maximum,13
Scenario1,5,ModelEntity,DefaultEntity,[Population],Content,NumberInSystem,Maximum,28
Scenario1,1,ModelEntity,DefaultEntity,[Population],Content,NumberInSystem,Minimum,0
Scenario1,2,ModelEntity,DefaultEntity,[Population],Content,NumberInSystem,Minimum,0
Scenario1,3,ModelEntity,DefaultEntity,[Population],Content,NumberInSystem,Minimum,0
Scenario1,4,ModelEntity,DefaultEntity,[Population],Content,NumberInSystem,Minimum,0
Scenario1,5,ModelEntity,DefaultEntity,[Population],Content,NumberInSystem,Minimum,0
Scenario1,1,ModelEntity,DefaultEntity,[Population],Costs,CostPerItem,Average,0
Scenario1,2,ModelEntity,DefaultEntity,[Population],Costs,CostPerItem,Average,0
Scenario1,3,ModelEntity,DefaultEntity,[Population],Costs,CostPerItem,Average,0
Scenario1,4,ModelEntity,DefaultEntity,[Population],Costs,CostPerItem,Average,0
Scenario1,5,ModelEntity,DefaultEntity,[Population],Costs,CostPerItem,Average,0
Scenario1,1,ModelEntity,DefaultEntity,[Population],Costs,CostPerItem,Maximum,0
Scenario1,2,ModelEntity,DefaultEntity,[Population],Costs,CostPerItem,Maximum,0
Scenario1,3,ModelEntity,DefaultEntity,[Population],Costs,CostPerItem,Maximum,0
Scenario1,4,ModelEntity,DefaultEntity,[Population],Costs,CostPerItem,Maximum,0
Scenario1,5,ModelEntity,DefaultEntity,[Population],Costs,CostPerItem,Maximum,0
Scenario1,1,ModelEntity,DefaultEntity,[Population],Costs,CostPerItem,Minimum,0
Scenario1,2,ModelEntity,DefaultEntity,[Population],Costs,CostPerItem,Minimum,0
Scenario1,3,ModelEntity,DefaultEntity,[Population],Costs,CostPerItem,Minimum,0
Scenario1,4,ModelEntity,DefaultEntity,[Population],Costs,CostPerItem,Minimum,0
Scenario1,5,ModelEntity,DefaultEntity,[Population],Costs,CostPerItem,Minimum,0
Scenario1,1,ModelEntity,DefaultEntity,[Population],Costs,CostPerItem,Observations,470
Scenario1,2,ModelEntity,DefaultEntity,[Population],Costs,CostPerItem,Observations,468
Scenario1,3,ModelEntity,DefaultEntity,[Population],Costs,CostPerItem,Observations,459
Scenario1,4,ModelEntity,DefaultEntity,[Population],Costs,CostPerItem,Observations,446
Scenario1,5,ModelEntity,DefaultEntity,[Population],Costs,CostPerItem,Observations,479
Scenario1,1,ModelEntity,DefaultEntity,[Population],FlowTime,TimeInSystem,Average,0.061255075844365
Scenario1,2,ModelEntity,DefaultEntity,[Population],FlowTime,TimeInSystem,Average,0.048933759355168
Scenario1,3,ModelEntity,DefaultEntity,[Population],FlowTime,TimeInSystem,Average,0.0750436338501356
Scenario1,4,ModelEntity,DefaultEntity,[Population],FlowTime,TimeInSystem,Average,0.0649856601916999
Scenario1,5,ModelEntity,DefaultEntity,[Population],FlowTime,TimeInSystem,Average,0.130632773816685
Scenario1,1,ModelEntity,DefaultEntity,[Population],FlowTime,TimeInSystem,Maximum,0.209281153885787
Scenario1,2,ModelEntity,DefaultEntity,[Population],FlowTime,TimeInSystem,Maximum,0.227225222663411
Scenario1,3,ModelEntity,DefaultEntity,[Population],FlowTime,TimeInSystem,Maximum,0.295991393630306
Scenario1,4,ModelEntity,DefaultEntity,[Population],FlowTime,TimeInSystem,Maximum,0.201804032613054
Scenario1,5,ModelEntity,DefaultEntity,[Population],FlowTime,TimeInSystem,Maximum,0.509645880918066
Scenario1,1,ModelEntity,DefaultEntity,[Population],FlowTime,TimeInSystem,Minimum,1.68648747251865E-05
Scenario1,2,ModelEntity,DefaultEntity,[Population],FlowTime,TimeInSystem,Minimum,0.000403600909982371
Scenario1,3,ModelEntity,DefaultEntity,[Population],FlowTime,TimeInSystem,Minimum,7.17919816768386E-05
Scenario1,4,ModelEntity,DefaultEntity,[Population],FlowTime,TimeInSystem,Minimum,0.000914994064783237
Scenario1,5,ModelEntity,DefaultEntity,[Population],FlowTime,TimeInSystem,Minimum,0.000126863872803362
Scenario1,1,ModelEntity,DefaultEntity,[Population],FlowTime,TimeInSystem,Observations,470
Scenario1,2,ModelEntity,DefaultEntity,[Population],FlowTime,TimeInSystem,Observations,468
Scenario1,3,ModelEntity,DefaultEntity,[Population],FlowTime,TimeInSystem,Observations,459
Scenario1,4,ModelEntity,DefaultEntity,[Population],FlowTime,TimeInSystem,Observations,446
Scenario1,5,ModelEntity,DefaultEntity,[Population],FlowTime,TimeInSystem,Observations,479
Scenario1,1,ModelEntity,DefaultEntity,[Population],Throughput,NumberCreated,Total,470
Scenario1,2,ModelEntity,DefaultEntity,[Population],Throughput,NumberCreated,Total,469
Scenario1,3,ModelEntity,DefaultEntity,[Population],Throughput,NumberCreated,Total,465
Scenario1,4,ModelEntity,DefaultEntity,[Population],Throughput,NumberCreated,Total,448
Scenario1,5,ModelEntity,DefaultEntity,[Population],Throughput,NumberCreated,Total,507
Scenario1,1,ModelEntity,DefaultEntity,[Population],Throughput,NumberDestroyed,Total,470
Scenario1,2,ModelEntity,DefaultEntity,[Population],Throughput,NumberDestroyed,Total,468
Scenario1,3,ModelEntity,DefaultEntity,[Population],Throughput,NumberDestroyed,Total,459
Scenario1,4,ModelEntity,DefaultEntity,[Population],Throughput,NumberDestroyed,Total,446
Scenario1,5,ModelEntity,DefaultEntity,[Population],Throughput,NumberDestroyed,Total,479
Scenario1,1,Server,Server1,[Object],Costs,CapitalCost,Total,0
Scenario1,2,Server,Server1,[Object],Costs,CapitalCost,Total,0
Scenario1,3,Server,Server1,[Object],Costs,CapitalCost,Total,0
Scenario1,4,Server,Server1,[Object],Costs,CapitalCost,Total,0
Scenario1,5,Server,Server1,[Object],Costs,CapitalCost,Total,0
Scenario1,1,Server,Server1,[Object],Costs,TotalCost,Total,0
Scenario1,2,Server,Server1,[Object],Costs,TotalCost,Total,0
Scenario1,3,Server,Server1,[Object],Costs,TotalCost,Total,0
Scenario1,4,Server,Server1,[Object],Costs,TotalCost,Total,0
Scenario1,5,Server,Server1,[Object],Costs,TotalCost,Total,0
Scenario1,1,Server,Server1,[Resource],Capacity,ScheduledUtilization,Percent,83.033339541921
Scenario1,2,Server,Server1,[Resource],Capacity,ScheduledUtilization,Percent,76.3323140499084
Scenario1,3,Server,Server1,[Resource],Capacity,ScheduledUtilization,Percent,78.898059361883
Scenario1,4,Server,Server1,[Resource],Capacity,ScheduledUtilization,Percent,76.8884596233576
Scenario1,5,Server,Server1,[Resource],Capacity,ScheduledUtilization,Percent,78.5173797157187
Scenario1,1,Server,Server1,[Resource],Capacity,UnitsAllocated,Total,470
Scenario1,2,Server,Server1,[Resource],Capacity,UnitsAllocated,Total,469
Scenario1,3,Server,Server1,[Resource],Capacity,UnitsAllocated,Total,460
Scenario1,4,Server,Server1,[Resource],Capacity,UnitsAllocated,Total,447
Scenario1,5,Server,Server1,[Resource],Capacity,UnitsAllocated,Total,480
Scenario1,1,Server,Server1,[Resource],Capacity,UnitsScheduled,Average,1
Scenario1,2,Server,Server1,[Resource],Capacity,UnitsScheduled,Average,1
Scenario1,3,Server,Server1,[Resource],Capacity,UnitsScheduled,Average,1
Scenario1,4,Server,Server1,[Resource],Capacity,UnitsScheduled,Average,1
Scenario1,5,Server,Server1,[Resource],Capacity,UnitsScheduled,Average,1
Scenario1,1,Server,Server1,[Resource],Capacity,UnitsScheduled,Maximum,1
Scenario1,2,Server,Server1,[Resource],Capacity,UnitsScheduled,Maximum,1
Scenario1,3,Server,Server1,[Resource],Capacity,UnitsScheduled,Maximum,1
Scenario1,4,Server,Server1,[Resource],Capacity,UnitsScheduled,Maximum,1
Scenario1,5,Server,Server1,[Resource],Capacity,UnitsScheduled,Maximum,1
Scenario1,1,Server,Server1,[Resource],Capacity,UnitsScheduled,Minimum,1
Scenario1,2,Server,Server1,[Resource],Capacity,UnitsScheduled,Minimum,1
Scenario1,3,Server,Server1,[Resource],Capacity,UnitsScheduled,Minimum,1
Scenario1,4,Server,Server1,[Resource],Capacity,UnitsScheduled,Minimum,1
Scenario1,5,Server,Server1,[Resource],Capacity,UnitsScheduled,Minimum,1
Scenario1,1,Server,Server1,[Resource],Capacity,UnitsUtilized,Average,0.830333395419209
Scenario1,2,Server,Server1,[Resource],Capacity,UnitsUtilized,Average,0.763323140499084
Scenario1,3,Server,Server1,[Resource],Capacity,UnitsUtilized,Average,0.78898059361883
Scenario1,4,Server,Server1,[Resource],Capacity,UnitsUtilized,Average,0.768884596233576
Scenario1,5,Server,Server1,[Resource],Capacity,UnitsUtilized,Average,0.785173797157187
Scenario1,1,Server,Server1,[Resource],Capacity,UnitsUtilized,Maximum,1
Scenario1,2,Server,Server1,[Resource],Capacity,UnitsUtilized,Maximum,1
Scenario1,3,Server,Server1,[Resource],Capacity,UnitsUtilized,Maximum,1
Scenario1,4,Server,Server1,[Resource],Capacity,UnitsUtilized,Maximum,1
Scenario1,5,Server,Server1,[Resource],Capacity,UnitsUtilized,Maximum,1
Scenario1,1,Server,Server1,[Resource],Capacity,UnitsUtilized,Minimum,0
Scenario1,2,Server,Server1,[Resource],Capacity,UnitsUtilized,Minimum,0
Scenario1,3,Server,Server1,[Resource],Capacity,UnitsUtilized,Minimum,0
Scenario1,4,Server,Server1,[Resource],Capacity,UnitsUtilized,Minimum,0
Scenario1,5,Server,Server1,[Resource],Capacity,UnitsUtilized,Minimum,0
Scenario1,1,Server,Server1,[Resource],Costs,IdleCost,Total,0
Scenario1,2,Server,Server1,[Resource],Costs,IdleCost,Total,0
Scenario1,3,Server,Server1,[Resource],Costs,IdleCost,Total,0
Scenario1,4,Server,Server1,[Resource],Costs,IdleCost,Total,0
Scenario1,5,Server,Server1,[Resource],Costs,IdleCost,Total,0
Scenario1,1,Server,Server1,[Resource],Costs,UsageCostCharged,Total,0
Scenario1,2,Server,Server1,[Resource],Costs,UsageCostCharged,Total,0
Scenario1,3,Server,Server1,[Resource],Costs,UsageCostCharged,Total,0
Scenario1,4,Server,Server1,[Resource],Costs,UsageCostCharged,Total,0
Scenario1,5,Server,Server1,[Resource],Costs,UsageCostCharged,Total,0
Scenario1,1,Server,Server1,[Resource],ResourceState,TimeBlocked,Average,NaN
Scenario1,2,Server,Server1,[Resource],ResourceState,TimeBlocked,Average,NaN
Scenario1,3,Server,Server1,[Resource],ResourceState,TimeBlocked,Average,NaN
Scenario1,4,Server,Server1,[Resource],ResourceState,TimeBlocked,Average,NaN
Scenario1,5,Server,Server1,[Resource],ResourceState,TimeBlocked,Average,NaN
Scenario1,1,Server,Server1,[Resource],ResourceState,TimeBlocked,Occurrences,0
Scenario1,2,Server,Server1,[Resource],ResourceState,TimeBlocked,Occurrences,0
Scenario1,3,Server,Server1,[Resource],ResourceState,TimeBlocked,Occurrences,0
Scenario1,4,Server,Server1,[Resource],ResourceState,TimeBlocked,Occurrences,0
Scenario1,5,Server,Server1,[Resource],ResourceState,TimeBlocked,Occurrences,0
Scenario1,1,Server,Server1,[Resource],ResourceState,TimeBlocked,Percent,0
Scenario1,2,Server,Server1,[Resource],ResourceState,TimeBlocked,Percent,0
Scenario1,3,Server,Server1,[Resource],ResourceState,TimeBlocked,Percent,0
Scenario1,4,Server,Server1,[Resource],ResourceState,TimeBlocked,Percent,0
Scenario1,5,Server,Server1,[Resource],ResourceState,TimeBlocked,Percent,0
Scenario1,1,Server,Server1,[Resource],ResourceState,TimeBlocked,Total,0
Scenario1,2,Server,Server1,[Resource],ResourceState,TimeBlocked,Total,0
Scenario1,3,Server,Server1,[Resource],ResourceState,TimeBlocked,Total,0
Scenario1,4,Server,Server1,[Resource],ResourceState,TimeBlocked,Total,0
Scenario1,5,Server,Server1,[Resource],ResourceState,TimeBlocked,Total,0
Scenario1,1,Server,Server1,[Resource],ResourceState,TimeFailed,Average,NaN
Scenario1,2,Server,Server1,[Resource],ResourceState,TimeFailed,Average,NaN
Scenario1,3,Server,Server1,[Resource],ResourceState,TimeFailed,Average,NaN
Scenario1,4,Server,Server1,[Resource],ResourceState,TimeFailed,Average,NaN
Scenario1,5,Server,Server1,[Resource],ResourceState,TimeFailed,Average,NaN
Scenario1,1,Server,Server1,[Resource],ResourceState,TimeFailed,Occurrences,0
Scenario1,2,Server,Server1,[Resource],ResourceState,TimeFailed,Occurrences,0
Scenario1,3,Server,Server1,[Resource],ResourceState,TimeFailed,Occurrences,0
Scenario1,4,Server,Server1,[Resource],ResourceState,TimeFailed,Occurrences,0
Scenario1,5,Server,Server1,[Resource],ResourceState,TimeFailed,Occurrences,0
Scenario1,1,Server,Server1,[Resource],ResourceState,TimeFailed,Percent,0
Scenario1,2,Server,Server1,[Resource],ResourceState,TimeFailed,Percent,0
Scenario1,3,Server,Server1,[Resource],ResourceState,TimeFailed,Percent,0
Scenario1,4,Server,Server1,[Resource],ResourceState,TimeFailed,Percent,0
Scenario1,5,Server,Server1,[Resource],ResourceState,TimeFailed,Percent,0
Scenario1,1,Server,Server1,[Resource],ResourceState,TimeFailed,Total,0
Scenario1,2,Server,Server1,[Resource],ResourceState,TimeFailed,Total,0
Scenario1,3,Server,Server1,[Resource],ResourceState,TimeFailed,Total,0
Scenario1,4,Server,Server1,[Resource],ResourceState,TimeFailed,Total,0
Scenario1,5,Server,Server1,[Resource],ResourceState,TimeFailed,Total,0
Scenario1,1,Server,Server1,[Resource],ResourceState,TimeFailedProcessing,Average,NaN
Scenario1,2,Server,Server1,[Resource],ResourceState,TimeFailedProcessing,Average,NaN
Scenario1,3,Server,Server1,[Resource],ResourceState,TimeFailedProcessing,Average,NaN
Scenario1,4,Server,Server1,[Resource],ResourceState,TimeFailedProcessing,Average,NaN
Scenario1,5,Server,Server1,[Resource],ResourceState,TimeFailedProcessing,Average,NaN
Scenario1,1,Server,Server1,[Resource],ResourceState,TimeFailedProcessing,Occurrences,0
Scenario1,2,Server,Server1,[Resource],ResourceState,TimeFailedProcessing,Occurrences,0
Scenario1,3,Server,Server1,[Resource],ResourceState,TimeFailedProcessing,Occurrences,0
Scenario1,4,Server,Server1,[Resource],ResourceState,TimeFailedProcessing,Occurrences,0
Scenario1,5,Server,Server1,[Resource],ResourceState,TimeFailedProcessing,Occurrences,0
Scenario1,1,Server,Server1,[Resource],ResourceState,TimeFailedProcessing,Percent,0
Scenario1,2,Server,Server1,[Resource],ResourceState,TimeFailedProcessing,Percent,0
Scenario1,3,Server,Server1,[Resource],ResourceState,TimeFailedProcessing,Percent,0
Scenario1,4,Server,Server1,[Resource],ResourceState,TimeFailedProcessing,Percent,0
Scenario1,5,Server,Server1,[Resource],ResourceState,TimeFailedProcessing,Percent,0
Scenario1,1,Server,Server1,[Resource],ResourceState,TimeFailedProcessing,Total,0
Scenario1,2,Server,Server1,[Resource],ResourceState,TimeFailedProcessing,Total,0
Scenario1,3,Server,Server1,[Resource],ResourceState,TimeFailedProcessing,Total,0
Scenario1,4,Server,Server1,[Resource],ResourceState,TimeFailedProcessing,Total,0
Scenario1,5,Server,Server1,[Resource],ResourceState,TimeFailedProcessing,Total,0
Scenario1,1,Server,Server1,[Resource],ResourceState,TimeOffShift,Average,NaN
Scenario1,2,Server,Server1,[Resource],ResourceState,TimeOffShift,Average,NaN
Scenario1,3,Server,Server1,[Resource],ResourceState,TimeOffShift,Average,NaN
Scenario1,4,Server,Server1,[Resource],ResourceState,TimeOffShift,Average,NaN
Scenario1,5,Server,Server1,[Resource],ResourceState,TimeOffShift,Average,NaN
Scenario1,1,Server,Server1,[Resource],ResourceState,TimeOffShift,Occurrences,0
Scenario1,2,Server,Server1,[Resource],ResourceState,TimeOffShift,Occurrences,0
Scenario1,3,Server,Server1,[Resource],ResourceState,TimeOffShift,Occurrences,0
Scenario1,4,Server,Server1,[Resource],ResourceState,TimeOffShift,Occurrences,0
Scenario1,5,Server,Server1,[Resource],ResourceState,TimeOffShift,Occurrences,0
Scenario1,1,Server,Server1,[Resource],ResourceState,TimeOffShift,Percent,0
Scenario1,2,Server,Server1,[Resource],ResourceState,TimeOffShift,Percent,0
Scenario1,3,Server,Server1,[Resource],ResourceState,TimeOffShift,Percent,0
Scenario1,4,Server,Server1,[Resource],ResourceState,TimeOffShift,Percent,0
Scenario1,5,Server,Server1,[Resource],ResourceState,TimeOffShift,Percent,0
Scenario1,1,Server,Server1,[Resource],ResourceState,TimeOffShift,Total,0
Scenario1,2,Server,Server1,[Resource],ResourceState,TimeOffShift,Total,0
Scenario1,3,Server,Server1,[Resource],ResourceState,TimeOffShift,Total,0
Scenario1,4,Server,Server1,[Resource],ResourceState,TimeOffShift,Total,0
Scenario1,5,Server,Server1,[Resource],ResourceState,TimeOffShift,Total,0
Scenario1,1,Server,Server1,[Resource],ResourceState,TimeOffShiftProcessing,Average,NaN
Scenario1,2,Server,Server1,[Resource],ResourceState,TimeOffShiftProcessing,Average,NaN
Scenario1,3,Server,Server1,[Resource],ResourceState,TimeOffShiftProcessing,Average,NaN
Scenario1,4,Server,Server1,[Resource],ResourceState,TimeOffShiftProcessing,Average,NaN
Scenario1,5,Server,Server1,[Resource],ResourceState,TimeOffShiftProcessing,Average,NaN
Scenario1,1,Server,Server1,[Resource],ResourceState,TimeOffShiftProcessing,Occurrences,0
Scenario1,2,Server,Server1,[Resource],ResourceState,TimeOffShiftProcessing,Occurrences,0
Scenario1,3,Server,Server1,[Resource],ResourceState,TimeOffShiftProcessing,Occurrences,0
Scenario1,4,Server,Server1,[Resource],ResourceState,TimeOffShiftProcessing,Occurrences,0
Scenario1,5,Server,Server1,[Resource],ResourceState,TimeOffShiftProcessing,Occurrences,0
Scenario1,1,Server,Server1,[Resource],ResourceState,TimeOffShiftProcessing,Percent,0
Scenario1,2,Server,Server1,[Resource],ResourceState,TimeOffShiftProcessing,Percent,0
Scenario1,3,Server,Server1,[Resource],ResourceState,TimeOffShiftProcessing,Percent,0
Scenario1,4,Server,Server1,[Resource],ResourceState,TimeOffShiftProcessing,Percent,0
Scenario1,5,Server,Server1,[Resource],ResourceState,TimeOffShiftProcessing,Percent,0
Scenario1,1,Server,Server1,[Resource],ResourceState,TimeOffShiftProcessing,Total,0
Scenario1,2,Server,Server1,[Resource],ResourceState,TimeOffShiftProcessing,Total,0
Scenario1,3,Server,Server1,[Resource],ResourceState,TimeOffShiftProcessing,Total,0
Scenario1,4,Server,Server1,[Resource],ResourceState,TimeOffShiftProcessing,Total,0
Scenario1,5,Server,Server1,[Resource],ResourceState,TimeOffShiftProcessing,Total,0
Scenario1,1,Server,Server1,[Resource],ResourceState,TimeOffShiftSetup,Average,NaN
Scenario1,2,Server,Server1,[Resource],ResourceState,TimeOffShiftSetup,Average,NaN
Scenario1,3,Server,Server1,[Resource],ResourceState,TimeOffShiftSetup,Average,NaN
Scenario1,4,Server,Server1,[Resource],ResourceState,TimeOffShiftSetup,Average,NaN
Scenario1,5,Server,Server1,[Resource],ResourceState,TimeOffShiftSetup,Average,NaN
Scenario1,1,Server,Server1,[Resource],ResourceState,TimeOffShiftSetup,Occurrences,0
Scenario1,2,Server,Server1,[Resource],ResourceState,TimeOffShiftSetup,Occurrences,0
Scenario1,3,Server,Server1,[Resource],ResourceState,TimeOffShiftSetup,Occurrences,0
Scenario1,4,Server,Server1,[Resource],ResourceState,TimeOffShiftSetup,Occurrences,0
Scenario1,5,Server,Server1,[Resource],ResourceState,TimeOffShiftSetup,Occurrences,0
Scenario1,1,Server,Server1,[Resource],ResourceState,TimeOffShiftSetup,Percent,0
Scenario1,2,Server,Server1,[Resource],ResourceState,TimeOffShiftSetup,Percent,0
Scenario1,3,Server,Server1,[Resource],ResourceState,TimeOffShiftSetup,Percent,0
Scenario1,4,Server,Server1,[Resource],ResourceState,TimeOffShiftSetup,Percent,0
Scenario1,5,Server,Server1,[Resource],ResourceState,TimeOffShiftSetup,Percent,0
Scenario1,1,Server,Server1,[Resource],ResourceState,TimeOffShiftSetup,Total,0
Scenario1,2,Server,Server1,[Resource],ResourceState,TimeOffShiftSetup,Total,0
Scenario1,3,Server,Server1,[Resource],ResourceState,TimeOffShiftSetup,Total,0
Scenario1,4,Server,Server1,[Resource],ResourceState,TimeOffShiftSetup,Total,0
Scenario1,5,Server,Server1,[Resource],ResourceState,TimeOffShiftSetup,Total,0
Scenario1,1,Server,Server1,[Resource],ResourceState,TimeProcessing,Average,0.0932958871257539
Scenario1,2,Server,Server1,[Resource],ResourceState,TimeProcessing,Average,0.05782751064387
Scenario1,3,Server,Server1,[Resource],ResourceState,TimeProcessing,Average,0.0867011641339373
Scenario1,4,Server,Server1,[Resource],ResourceState,TimeProcessing,Average,0.0800921454409975
Scenario1,5,Server,Server1,[Resource],ResourceState,TimeProcessing,Average,0.079310484561332
Scenario1,1,Server,Server1,[Resource],ResourceState,TimeProcessing,Occurrences,89
Scenario1,2,Server,Server1,[Resource],ResourceState,TimeProcessing,Occurrences,132
Scenario1,3,Server,Server1,[Resource],ResourceState,TimeProcessing,Occurrences,91
Scenario1,4,Server,Server1,[Resource],ResourceState,TimeProcessing,Occurrences,96
Scenario1,5,Server,Server1,[Resource],ResourceState,TimeProcessing,Occurrences,99
Scenario1,1,Server,Server1,[Resource],ResourceState,TimeProcessing,Percent,83.033339541921
Scenario1,2,Server,Server1,[Resource],ResourceState,TimeProcessing,Percent,76.3323140499084
Scenario1,3,Server,Server1,[Resource],ResourceState,TimeProcessing,Percent,78.898059361883
Scenario1,4,Server,Server1,[Resource],ResourceState,TimeProcessing,Percent,76.8884596233576
Scenario1,5,Server,Server1,[Resource],ResourceState,TimeProcessing,Percent,78.5173797157187
Scenario1,1,Server,Server1,[Resource],ResourceState,TimeProcessing,Total,8.30333395419209
Scenario1,2,Server,Server1,[Resource],ResourceState,TimeProcessing,Total,7.63323140499084
Scenario1,3,Server,Server1,[Resource],ResourceState,TimeProcessing,Total,7.8898059361883
Scenario1,4,Server,Server1,[Resource],ResourceState,TimeProcessing,Total,7.68884596233576
Scenario1,5,Server,Server1,[Resource],ResourceState,TimeProcessing,Total,7.85173797157187
Scenario1,1,Server,Server1,[Resource],ResourceState,TimeSetup,Average,NaN
Scenario1,2,Server,Server1,[Resource],ResourceState,TimeSetup,Average,NaN
Scenario1,3,Server,Server1,[Resource],ResourceState,TimeSetup,Average,NaN
Scenario1,4,Server,Server1,[Resource],ResourceState,TimeSetup,Average,NaN
Scenario1,5,Server,Server1,[Resource],ResourceState,TimeSetup,Average,NaN
Scenario1,1,Server,Server1,[Resource],ResourceState,TimeSetup,Occurrences,0
Scenario1,2,Server,Server1,[Resource],ResourceState,TimeSetup,Occurrences,0
Scenario1,3,Server,Server1,[Resource],ResourceState,TimeSetup,Occurrences,0
Scenario1,4,Server,Server1,[Resource],ResourceState,TimeSetup,Occurrences,0
Scenario1,5,Server,Server1,[Resource],ResourceState,TimeSetup,Occurrences,0
Scenario1,1,Server,Server1,[Resource],ResourceState,TimeSetup,Percent,0
Scenario1,2,Server,Server1,[Resource],ResourceState,TimeSetup,Percent,0
Scenario1,3,Server,Server1,[Resource],ResourceState,TimeSetup,Percent,0
Scenario1,4,Server,Server1,[Resource],ResourceState,TimeSetup,Percent,0
Scenario1,5,Server,Server1,[Resource],ResourceState,TimeSetup,Percent,0
Scenario1,1,Server,Server1,[Resource],ResourceState,TimeSetup,Total,0
Scenario1,2,Server,Server1,[Resource],ResourceState,TimeSetup,Total,0
Scenario1,3,Server,Server1,[Resource],ResourceState,TimeSetup,Total,0
Scenario1,4,Server,Server1,[Resource],ResourceState,TimeSetup,Total,0
Scenario1,5,Server,Server1,[Resource],ResourceState,TimeSetup,Total,0
Scenario1,1,Server,Server1,[Resource],ResourceState,TimeStarved,Average,0.0190636634360439
Scenario1,2,Server,Server1,[Resource],ResourceState,TimeStarved,Average,0.0180669358397646
Scenario1,3,Server,Server1,[Resource],ResourceState,TimeStarved,Average,0.0234466007090189
Scenario1,4,Server,Server1,[Resource],ResourceState,TimeStarved,Average,0.0243279372385709
Scenario1,5,Server,Server1,[Resource],ResourceState,TimeStarved,Average,0.0219210411064095
Scenario1,1,Server,Server1,[Resource],ResourceState,TimeStarved,Occurrences,89
Scenario1,2,Server,Server1,[Resource],ResourceState,TimeStarved,Occurrences,131
Scenario1,3,Server,Server1,[Resource],ResourceState,TimeStarved,Occurrences,90
Scenario1,4,Server,Server1,[Resource],ResourceState,TimeStarved,Occurrences,95
Scenario1,5,Server,Server1,[Resource],ResourceState,TimeStarved,Occurrences,98
Scenario1,1,Server,Server1,[Resource],ResourceState,TimeStarved,Percent,16.9666604580791
Scenario1,2,Server,Server1,[Resource],ResourceState,TimeStarved,Percent,23.6676859500916
Scenario1,3,Server,Server1,[Resource],ResourceState,TimeStarved,Percent,21.101940638117
Scenario1,4,Server,Server1,[Resource],ResourceState,TimeStarved,Percent,23.1115403766424
Scenario1,5,Server,Server1,[Resource],ResourceState,TimeStarved,Percent,21.4826202842813
Scenario1,1,Server,Server1,[Resource],ResourceState,TimeStarved,Total,1.69666604580791
Scenario1,2,Server,Server1,[Resource],ResourceState,TimeStarved,Total,2.36676859500916
Scenario1,3,Server,Server1,[Resource],ResourceState,TimeStarved,Total,2.1101940638117
Scenario1,4,Server,Server1,[Resource],ResourceState,TimeStarved,Total,2.31115403766424
Scenario1,5,Server,Server1,[Resource],ResourceState,TimeStarved,Total,2.14826202842813
Scenario1,1,Server,Server1,InputBuffer,Content,NumberInStation,Average,2.04865516926594
Scenario1,2,Server,Server1,InputBuffer,Content,NumberInStation,Average,1.5324576172311
Scenario1,3,Server,Server1,InputBuffer,Content,NumberInStation,Average,2.68823784201418
Scenario1,4,Server,Server1,InputBuffer,Content,NumberInStation,Average,2.13082048931687
Scenario1,5,Server,Server1,InputBuffer,Content,NumberInStation,Average,5.95895408372721
Scenario1,1,Server,Server1,InputBuffer,Content,NumberInStation,Maximum,10
Scenario1,2,Server,Server1,InputBuffer,Content,NumberInStation,Maximum,11
Scenario1,3,Server,Server1,InputBuffer,Content,NumberInStation,Maximum,14
Scenario1,4,Server,Server1,InputBuffer,Content,NumberInStation,Maximum,12
Scenario1,5,Server,Server1,InputBuffer,Content,NumberInStation,Maximum,27
Scenario1,1,Server,Server1,InputBuffer,Content,NumberInStation,Minimum,0
Scenario1,2,Server,Server1,InputBuffer,Content,NumberInStation,Minimum,0
Scenario1,3,Server,Server1,InputBuffer,Content,NumberInStation,Minimum,0
Scenario1,4,Server,Server1,InputBuffer,Content,NumberInStation,Minimum,0
Scenario1,5,Server,Server1,InputBuffer,Content,NumberInStation,Minimum,0
Scenario1,1,Server,Server1,InputBuffer,Costs,CostPerItem,Average,0
Scenario1,2,Server,Server1,InputBuffer,Costs,CostPerItem,Average,0
Scenario1,3,Server,Server1,InputBuffer,Costs,CostPerItem,Average,0
Scenario1,4,Server,Server1,InputBuffer,Costs,CostPerItem,Average,0
Scenario1,5,Server,Server1,InputBuffer,Costs,CostPerItem,Average,0
Scenario1,1,Server,Server1,InputBuffer,Costs,CostPerItem,Maximum,0
Scenario1,2,Server,Server1,InputBuffer,Costs,CostPerItem,Maximum,0
Scenario1,3,Server,Server1,InputBuffer,Costs,CostPerItem,Maximum,0
Scenario1,4,Server,Server1,InputBuffer,Costs,CostPerItem,Maximum,0
Scenario1,5,Server,Server1,InputBuffer,Costs,CostPerItem,Maximum,0
Scenario1,1,Server,Server1,InputBuffer,Costs,CostPerItem,Minimum,0
Scenario1,2,Server,Server1,InputBuffer,Costs,CostPerItem,Minimum,0
Scenario1,3,Server,Server1,InputBuffer,Costs,CostPerItem,Minimum,0
Scenario1,4,Server,Server1,InputBuffer,Costs,CostPerItem,Minimum,0
Scenario1,5,Server,Server1,InputBuffer,Costs,CostPerItem,Minimum,0
Scenario1,1,Server,Server1,InputBuffer,Costs,TotalCost,Total,0
Scenario1,2,Server,Server1,InputBuffer,Costs,TotalCost,Total,0
Scenario1,3,Server,Server1,InputBuffer,Costs,TotalCost,Total,0
Scenario1,4,Server,Server1,InputBuffer,Costs,TotalCost,Total,0
Scenario1,5,Server,Server1,InputBuffer,Costs,TotalCost,Total,0
Scenario1,1,Server,Server1,InputBuffer,EntryQueue,NumberWaiting,Average,0
Scenario1,2,Server,Server1,InputBuffer,EntryQueue,NumberWaiting,Average,0
Scenario1,3,Server,Server1,InputBuffer,EntryQueue,NumberWaiting,Average,0
Scenario1,4,Server,Server1,InputBuffer,EntryQueue,NumberWaiting,Average,0
Scenario1,5,Server,Server1,InputBuffer,EntryQueue,NumberWaiting,Average,0
Scenario1,1,Server,Server1,InputBuffer,EntryQueue,NumberWaiting,Maximum,1
Scenario1,2,Server,Server1,InputBuffer,EntryQueue,NumberWaiting,Maximum,1
Scenario1,3,Server,Server1,InputBuffer,EntryQueue,NumberWaiting,Maximum,1
Scenario1,4,Server,Server1,InputBuffer,EntryQueue,NumberWaiting,Maximum,1
Scenario1,5,Server,Server1,InputBuffer,EntryQueue,NumberWaiting,Maximum,1
Scenario1,1,Server,Server1,InputBuffer,EntryQueue,NumberWaiting,Minimum,0
Scenario1,2,Server,Server1,InputBuffer,EntryQueue,NumberWaiting,Minimum,0
Scenario1,3,Server,Server1,InputBuffer,EntryQueue,NumberWaiting,Minimum,0
Scenario1,4,Server,Server1,InputBuffer,EntryQueue,NumberWaiting,Minimum,0
Scenario1,5,Server,Server1,InputBuffer,EntryQueue,NumberWaiting,Minimum,0
Scenario1,1,Server,Server1,InputBuffer,EntryQueue,TimeWaiting,Average,0
Scenario1,2,Server,Server1,InputBuffer,EntryQueue,TimeWaiting,Average,0
Scenario1,3,Server,Server1,InputBuffer,EntryQueue,TimeWaiting,Average,0
Scenario1,4,Server,Server1,InputBuffer,EntryQueue,TimeWaiting,Average,0
Scenario1,5,Server,Server1,InputBuffer,EntryQueue,TimeWaiting,Average,0
Scenario1,1,Server,Server1,InputBuffer,EntryQueue,TimeWaiting,Maximum,0
Scenario1,2,Server,Server1,InputBuffer,EntryQueue,TimeWaiting,Maximum,0
Scenario1,3,Server,Server1,InputBuffer,EntryQueue,TimeWaiting,Maximum,0
Scenario1,4,Server,Server1,InputBuffer,EntryQueue,TimeWaiting,Maximum,0
Scenario1,5,Server,Server1,InputBuffer,EntryQueue,TimeWaiting,Maximum,0
Scenario1,1,Server,Server1,InputBuffer,EntryQueue,TimeWaiting,Minimum,0
Scenario1,2,Server,Server1,InputBuffer,EntryQueue,TimeWaiting,Minimum,0
Scenario1,3,Server,Server1,InputBuffer,EntryQueue,TimeWaiting,Minimum,0
Scenario1,4,Server,Server1,InputBuffer,EntryQueue,TimeWaiting,Minimum,0
Scenario1,5,Server,Server1,InputBuffer,EntryQueue,TimeWaiting,Minimum,0
Scenario1,1,Server,Server1,InputBuffer,HoldingTime,TimeInStation,Average,0.0435884078567222
Scenario1,2,Server,Server1,InputBuffer,HoldingTime,TimeInStation,Average,0.032675002499597
Scenario1,3,Server,Server1,InputBuffer,HoldingTime,TimeInStation,Average,0.0579535312974157
Scenario1,4,Server,Server1,InputBuffer,HoldingTime,TimeInStation,Average,0.0476631222150044
Scenario1,5,Server,Server1,InputBuffer,HoldingTime,TimeInStation,Average,0.114808572941703
Scenario1,1,Server,Server1,InputBuffer,HoldingTime,TimeInStation,Maximum,0.150026610036935
Scenario1,2,Server,Server1,InputBuffer,HoldingTime,TimeInStation,Maximum,0.204255826038161
Scenario1,3,Server,Server1,InputBuffer,HoldingTime,TimeInStation,Maximum,0.283457621856134
Scenario1,4,Server,Server1,InputBuffer,HoldingTime,TimeInStation,Maximum,0.190742565616004
Scenario1,5,Server,Server1,InputBuffer,HoldingTime,TimeInStation,Maximum,0.505765463111711
Scenario1,1,Server,Server1,InputBuffer,HoldingTime,TimeInStation,Minimum,0
Scenario1,2,Server,Server1,InputBuffer,HoldingTime,TimeInStation,Minimum,0
Scenario1,3,Server,Server1,InputBuffer,HoldingTime,TimeInStation,Minimum,0
Scenario1,4,Server,Server1,InputBuffer,HoldingTime,TimeInStation,Minimum,0
Scenario1,5,Server,Server1,InputBuffer,HoldingTime,TimeInStation,Minimum,0
Scenario1,1,Server,Server1,InputBuffer,Throughput,NumberBalked,Total,0
Scenario1,2,Server,Server1,InputBuffer,Throughput,NumberBalked,Total,0
Scenario1,3,Server,Server1,InputBuffer,Throughput,NumberBalked,Total,0
Scenario1,4,Server,Server1,InputBuffer,Throughput,NumberBalked,Total,0
Scenario1,5,Server,Server1,InputBuffer,Throughput,NumberBalked,Total,0
Scenario1,1,Server,Server1,InputBuffer,Throughput,NumberEntered,Total,470
Scenario1,2,Server,Server1,InputBuffer,Throughput,NumberEntered,Total,469
Scenario1,3,Server,Server1,InputBuffer,Throughput,NumberEntered,Total,465
Scenario1,4,Server,Server1,InputBuffer,Throughput,NumberEntered,Total,448
Scenario1,5,Server,Server1,InputBuffer,Throughput,NumberEntered,Total,507
Scenario1,1,Server,Server1,InputBuffer,Throughput,NumberExited,Total,470
Scenario1,2,Server,Server1,InputBuffer,Throughput,NumberExited,Total,469
Scenario1,3,Server,Server1,InputBuffer,Throughput,NumberExited,Total,460
Scenario1,4,Server,Server1,InputBuffer,Throughput,NumberExited,Total,447
Scenario1,5,Server,Server1,InputBuffer,Throughput,NumberExited,Total,480
Scenario1,1,Server,Server1,OutputBuffer,Content,NumberInStation,Average,0
Scenario1,2,Server,Server1,OutputBuffer,Content,NumberInStation,Average,0
Scenario1,3,Server,Server1,OutputBuffer,Content,NumberInStation,Average,0
Scenario1,4,Server,Server1,OutputBuffer,Content,NumberInStation,Average,0
Scenario1,5,Server,Server1,OutputBuffer,Content,NumberInStation,Average,0
Scenario1,1,Server,Server1,OutputBuffer,Content,NumberInStation,Maximum,1
Scenario1,2,Server,Server1,OutputBuffer,Content,NumberInStation,Maximum,1
Scenario1,3,Server,Server1,OutputBuffer,Content,NumberInStation,Maximum,1
Scenario1,4,Server,Server1,OutputBuffer,Content,NumberInStation,Maximum,1
Scenario1,5,Server,Server1,OutputBuffer,Content,NumberInStation,Maximum,1
Scenario1,1,Server,Server1,OutputBuffer,Content,NumberInStation,Minimum,0
Scenario1,2,Server,Server1,OutputBuffer,Content,NumberInStation,Minimum,0
Scenario1,3,Server,Server1,OutputBuffer,Content,NumberInStation,Minimum,0
Scenario1,4,Server,Server1,OutputBuffer,Content,NumberInStation,Minimum,0
Scenario1,5,Server,Server1,OutputBuffer,Content,NumberInStation,Minimum,0
Scenario1,1,Server,Server1,OutputBuffer,Costs,CostPerItem,Average,0
Scenario1,2,Server,Server1,OutputBuffer,Costs,CostPerItem,Average,0
Scenario1,3,Server,Server1,OutputBuffer,Costs,CostPerItem,Average,0
Scenario1,4,Server,Server1,OutputBuffer,Costs,CostPerItem,Average,0
Scenario1,5,Server,Server1,OutputBuffer,Costs,CostPerItem,Average,0
Scenario1,1,Server,Server1,OutputBuffer,Costs,CostPerItem,Maximum,0
Scenario1,2,Server,Server1,OutputBuffer,Costs,CostPerItem,Maximum,0
Scenario1,3,Server,Server1,OutputBuffer,Costs,CostPerItem,Maximum,0
Scenario1,4,Server,Server1,OutputBuffer,Costs,CostPerItem,Maximum,0
Scenario1,5,Server,Server1,OutputBuffer,Costs,CostPerItem,Maximum,0
Scenario1,1,Server,Server1,OutputBuffer,Costs,CostPerItem,Minimum,0
Scenario1,2,Server,Server1,OutputBuffer,Costs,CostPerItem,Minimum,0
Scenario1,3,Server,Server1,OutputBuffer,Costs,CostPerItem,Minimum,0
Scenario1,4,Server,Server1,OutputBuffer,Costs,CostPerItem,Minimum,0
Scenario1,5,Server,Server1,OutputBuffer,Costs,CostPerItem,Minimum,0
Scenario1,1,Server,Server1,OutputBuffer,Costs,TotalCost,Total,0
Scenario1,2,Server,Server1,OutputBuffer,Costs,TotalCost,Total,0
Scenario1,3,Server,Server1,OutputBuffer,Costs,TotalCost,Total,0
Scenario1,4,Server,Server1,OutputBuffer,Costs,TotalCost,Total,0
Scenario1,5,Server,Server1,OutputBuffer,Costs,TotalCost,Total,0
Scenario1,1,Server,Server1,OutputBuffer,EntryQueue,NumberWaiting,Average,0
Scenario1,2,Server,Server1,OutputBuffer,EntryQueue,NumberWaiting,Average,0
Scenario1,3,Server,Server1,OutputBuffer,EntryQueue,NumberWaiting,Average,0
Scenario1,4,Server,Server1,OutputBuffer,EntryQueue,NumberWaiting,Average,0
Scenario1,5,Server,Server1,OutputBuffer,EntryQueue,NumberWaiting,Average,0
Scenario1,1,Server,Server1,OutputBuffer,EntryQueue,NumberWaiting,Maximum,1
Scenario1,2,Server,Server1,OutputBuffer,EntryQueue,NumberWaiting,Maximum,1
Scenario1,3,Server,Server1,OutputBuffer,EntryQueue,NumberWaiting,Maximum,1
Scenario1,4,Server,Server1,OutputBuffer,EntryQueue,NumberWaiting,Maximum,1
Scenario1,5,Server,Server1,OutputBuffer,EntryQueue,NumberWaiting,Maximum,1
Scenario1,1,Server,Server1,OutputBuffer,EntryQueue,NumberWaiting,Minimum,0
Scenario1,2,Server,Server1,OutputBuffer,EntryQueue,NumberWaiting,Minimum,0
Scenario1,3,Server,Server1,OutputBuffer,EntryQueue,NumberWaiting,Minimum,0
Scenario1,4,Server,Server1,OutputBuffer,EntryQueue,NumberWaiting,Minimum,0
Scenario1,5,Server,Server1,OutputBuffer,EntryQueue,NumberWaiting,Minimum,0
Scenario1,1,Server,Server1,OutputBuffer,EntryQueue,TimeWaiting,Average,0
Scenario1,2,Server,Server1,OutputBuffer,EntryQueue,TimeWaiting,Average,0
Scenario1,3,Server,Server1,OutputBuffer,EntryQueue,TimeWaiting,Average,0
Scenario1,4,Server,Server1,OutputBuffer,EntryQueue,TimeWaiting,Average,0
Scenario1,5,Server,Server1,OutputBuffer,EntryQueue,TimeWaiting,Average,0
Scenario1,1,Server,Server1,OutputBuffer,EntryQueue,TimeWaiting,Maximum,0
Scenario1,2,Server,Server1,OutputBuffer,EntryQueue,TimeWaiting,Maximum,0
Scenario1,3,Server,Server1,OutputBuffer,EntryQueue,TimeWaiting,Maximum,0
Scenario1,4,Server,Server1,OutputBuffer,EntryQueue,TimeWaiting,Maximum,0
Scenario1,5,Server,Server1,OutputBuffer,EntryQueue,TimeWaiting,Maximum,0
Scenario1,1,Server,Server1,OutputBuffer,EntryQueue,TimeWaiting,Minimum,0
Scenario1,2,Server,Server1,OutputBuffer,EntryQueue,TimeWaiting,Minimum,0
Scenario1,3,Server,Server1,OutputBuffer,EntryQueue,TimeWaiting,Minimum,0
Scenario1,4,Server,Server1,OutputBuffer,EntryQueue,TimeWaiting,Minimum,0
Scenario1,5,Server,Server1,OutputBuffer,EntryQueue,TimeWaiting,Minimum,0
Scenario1,1,Server,Server1,OutputBuffer,HoldingTime,TimeInStation,Average,0
Scenario1,2,Server,Server1,OutputBuffer,HoldingTime,TimeInStation,Average,0
Scenario1,3,Server,Server1,OutputBuffer,HoldingTime,TimeInStation,Average,0
Scenario1,4,Server,Server1,OutputBuffer,HoldingTime,TimeInStation,Average,0
Scenario1,5,Server,Server1,OutputBuffer,HoldingTime,TimeInStation,Average,0
Scenario1,1,Server,Server1,OutputBuffer,HoldingTime,TimeInStation,Maximum,0
Scenario1,2,Server,Server1,OutputBuffer,HoldingTime,TimeInStation,Maximum,0
Scenario1,3,Server,Server1,OutputBuffer,HoldingTime,TimeInStation,Maximum,0
Scenario1,4,Server,Server1,OutputBuffer,HoldingTime,TimeInStation,Maximum,0
Scenario1,5,Server,Server1,OutputBuffer,HoldingTime,TimeInStation,Maximum,0
Scenario1,1,Server,Server1,OutputBuffer,HoldingTime,TimeInStation,Minimum,0
Scenario1,2,Server,Server1,OutputBuffer,HoldingTime,TimeInStation,Minimum,0
Scenario1,3,Server,Server1,OutputBuffer,HoldingTime,TimeInStation,Minimum,0
Scenario1,4,Server,Server1,OutputBuffer,HoldingTime,TimeInStation,Minimum,0
Scenario1,5,Server,Server1,OutputBuffer,HoldingTime,TimeInStation,Minimum,0
Scenario1,1,Server,Server1,OutputBuffer,Throughput,NumberBalked,Total,0
Scenario1,2,Server,Server1,OutputBuffer,Throughput,NumberBalked,Total,0
Scenario1,3,Server,Server1,OutputBuffer,Throughput,NumberBalked,Total,0
Scenario1,4,Server,Server1,OutputBuffer,Throughput,NumberBalked,Total,0
Scenario1,5,Server,Server1,OutputBuffer,Throughput,NumberBalked,Total,0
Scenario1,1,Server,Server1,OutputBuffer,Throughput,NumberEntered,Total,470
Scenario1,2,Server,Server1,OutputBuffer,Throughput,NumberEntered,Total,468
Scenario1,3,Server,Server1,OutputBuffer,Throughput,NumberEntered,Total,459
Scenario1,4,Server,Server1,OutputBuffer,Throughput,NumberEntered,Total,446
Scenario1,5,Server,Server1,OutputBuffer,Throughput,NumberEntered,Total,479
Scenario1,1,Server,Server1,OutputBuffer,Throughput,NumberExited,Total,470
Scenario1,2,Server,Server1,OutputBuffer,Throughput,NumberExited,Total,468
Scenario1,3,Server,Server1,OutputBuffer,Throughput,NumberExited,Total,459
Scenario1,4,Server,Server1,OutputBuffer,Throughput,NumberExited,Total,446
Scenario1,5,Server,Server1,OutputBuffer,Throughput,NumberExited,Total,479
Scenario1,1,Server,Server1,Processing,Content,NumberInStation,Average,0.830333395419209
Scenario1,2,Server,Server1,Processing,Content,NumberInStation,Average,0.763323140499084
Scenario1,3,Server,Server1,Processing,Content,NumberInStation,Average,0.78898059361883
Scenario1,4,Server,Server1,Processing,Content,NumberInStation,Average,0.768884596233576
Scenario1,5,Server,Server1,Processing,Content,NumberInStation,Average,0.785173797157187
Scenario1,1,Server,Server1,Processing,Content,NumberInStation,Maximum,1
Scenario1,2,Server,Server1,Processing,Content,NumberInStation,Maximum,1
Scenario1,3,Server,Server1,Processing,Content,NumberInStation,Maximum,1
Scenario1,4,Server,Server1,Processing,Content,NumberInStation,Maximum,1
Scenario1,5,Server,Server1,Processing,Content,NumberInStation,Maximum,1
Scenario1,1,Server,Server1,Processing,Content,NumberInStation,Minimum,0
Scenario1,2,Server,Server1,Processing,Content,NumberInStation,Minimum,0
Scenario1,3,Server,Server1,Processing,Content,NumberInStation,Minimum,0
Scenario1,4,Server,Server1,Processing,Content,NumberInStation,Minimum,0
Scenario1,5,Server,Server1,Processing,Content,NumberInStation,Minimum,0
Scenario1,1,Server,Server1,Processing,Costs,CostPerItem,Average,0
Scenario1,2,Server,Server1,Processing,Costs,CostPerItem,Average,0
Scenario1,3,Server,Server1,Processing,Costs,CostPerItem,Average,0
Scenario1,4,Server,Server1,Processing,Costs,CostPerItem,Average,0
Scenario1,5,Server,Server1,Processing,Costs,CostPerItem,Average,0
Scenario1,1,Server,Server1,Processing,Costs,CostPerItem,Maximum,0
Scenario1,2,Server,Server1,Processing,Costs,CostPerItem,Maximum,0
Scenario1,3,Server,Server1,Processing,Costs,CostPerItem,Maximum,0
Scenario1,4,Server,Server1,Processing,Costs,CostPerItem,Maximum,0
Scenario1,5,Server,Server1,Processing,Costs,CostPerItem,Maximum,0
Scenario1,1,Server,Server1,Processing,Costs,CostPerItem,Minimum,0
Scenario1,2,Server,Server1,Processing,Costs,CostPerItem,Minimum,0
Scenario1,3,Server,Server1,Processing,Costs,CostPerItem,Minimum,0
Scenario1,4,Server,Server1,Processing,Costs,CostPerItem,Minimum,0
Scenario1,5,Server,Server1,Processing,Costs,CostPerItem,Minimum,0
Scenario1,1,Server,Server1,Processing,Costs,TotalCost,Total,0
Scenario1,2,Server,Server1,Processing,Costs,TotalCost,Total,0
Scenario1,3,Server,Server1,Processing,Costs,TotalCost,Total,0
Scenario1,4,Server,Server1,Processing,Costs,TotalCost,Total,0
Scenario1,5,Server,Server1,Processing,Costs,TotalCost,Total,0
Scenario1,1,Server,Server1,Processing,EntryQueue,NumberWaiting,Average,0
Scenario1,2,Server,Server1,Processing,EntryQueue,NumberWaiting,Average,0
Scenario1,3,Server,Server1,Processing,EntryQueue,NumberWaiting,Average,0
Scenario1,4,Server,Server1,Processing,EntryQueue,NumberWaiting,Average,0
Scenario1,5,Server,Server1,Processing,EntryQueue,NumberWaiting,Average,0
Scenario1,1,Server,Server1,Processing,EntryQueue,NumberWaiting,Maximum,1
Scenario1,2,Server,Server1,Processing,EntryQueue,NumberWaiting,Maximum,1
Scenario1,3,Server,Server1,Processing,EntryQueue,NumberWaiting,Maximum,1
Scenario1,4,Server,Server1,Processing,EntryQueue,NumberWaiting,Maximum,1
Scenario1,5,Server,Server1,Processing,EntryQueue,NumberWaiting,Maximum,1
Scenario1,1,Server,Server1,Processing,EntryQueue,NumberWaiting,Minimum,0
Scenario1,2,Server,Server1,Processing,EntryQueue,NumberWaiting,Minimum,0
Scenario1,3,Server,Server1,Processing,EntryQueue,NumberWaiting,Minimum,0
Scenario1,4,Server,Server1,Processing,EntryQueue,NumberWaiting,Minimum,0
Scenario1,5,Server,Server1,Processing,EntryQueue,NumberWaiting,Minimum,0
Scenario1,1,Server,Server1,Processing,EntryQueue,TimeWaiting,Average,0
Scenario1,2,Server,Server1,Processing,EntryQueue,TimeWaiting,Average,0
Scenario1,3,Server,Server1,Processing,EntryQueue,TimeWaiting,Average,0
Scenario1,4,Server,Server1,Processing,EntryQueue,TimeWaiting,Average,0
Scenario1,5,Server,Server1,Processing,EntryQueue,TimeWaiting,Average,0
Scenario1,1,Server,Server1,Processing,EntryQueue,TimeWaiting,Maximum,0
Scenario1,2,Server,Server1,Processing,EntryQueue,TimeWaiting,Maximum,0
Scenario1,3,Server,Server1,Processing,EntryQueue,TimeWaiting,Maximum,0
Scenario1,4,Server,Server1,Processing,EntryQueue,TimeWaiting,Maximum,0
Scenario1,5,Server,Server1,Processing,EntryQueue,TimeWaiting,Maximum,0
Scenario1,1,Server,Server1,Processing,EntryQueue,TimeWaiting,Minimum,0
Scenario1,2,Server,Server1,Processing,EntryQueue,TimeWaiting,Minimum,0
Scenario1,3,Server,Server1,Processing,EntryQueue,TimeWaiting,Minimum,0
Scenario1,4,Server,Server1,Processing,EntryQueue,TimeWaiting,Minimum,0
Scenario1,5,Server,Server1,Processing,EntryQueue,TimeWaiting,Minimum,0
Scenario1,1,Server,Server1,Processing,HoldingTime,TimeInStation,Average,0.0176666679876428
Scenario1,2,Server,Server1,Processing,HoldingTime,TimeInStation,Average,0.0162881518596456
Scenario1,3,Server,Server1,Processing,HoldingTime,TimeInStation,Average,0.017176636207831
Scenario1,4,Server,Server1,Processing,HoldingTime,TimeInStation,Average,0.0172255554728373
Scenario1,5,Server,Server1,Processing,HoldingTime,TimeInStation,Average,0.0163842510023006
Scenario1,1,Server,Server1,Processing,HoldingTime,TimeInStation,Maximum,0.0842796665507581
Scenario1,2,Server,Server1,Processing,HoldingTime,TimeInStation,Maximum,0.0990582515875822
Scenario1,3,Server,Server1,Processing,HoldingTime,TimeInStation,Maximum,0.100502442493347
Scenario1,4,Server,Server1,Processing,HoldingTime,TimeInStation,Maximum,0.101901357274787
Scenario1,5,Server,Server1,Processing,HoldingTime,TimeInStation,Maximum,0.120428551635154
Scenario1,1,Server,Server1,Processing,HoldingTime,TimeInStation,Minimum,2.36721367841142E-06
Scenario1,2,Server,Server1,Processing,HoldingTime,TimeInStation,Minimum,4.45719266757294E-05
Scenario1,3,Server,Server1,Processing,HoldingTime,TimeInStation,Minimum,7.17919816768386E-05
Scenario1,4,Server,Server1,Processing,HoldingTime,TimeInStation,Minimum,4.82386299771598E-05
Scenario1,5,Server,Server1,Processing,HoldingTime,TimeInStation,Minimum,0.000126863872803362
Scenario1,1,Server,Server1,Processing,Throughput,NumberBalked,Total,0
Scenario1,2,Server,Server1,Processing,Throughput,NumberBalked,Total,0
Scenario1,3,Server,Server1,Processing,Throughput,NumberBalked,Total,0
Scenario1,4,Server,Server1,Processing,Throughput,NumberBalked,Total,0
Scenario1,5,Server,Server1,Processing,Throughput,NumberBalked,Total,0
Scenario1,1,Server,Server1,Processing,Throughput,NumberEntered,Total,470
Scenario1,2,Server,Server1,Processing,Throughput,NumberEntered,Total,469
Scenario1,3,Server,Server1,Processing,Throughput,NumberEntered,Total,460
Scenario1,4,Server,Server1,Processing,Throughput,NumberEntered,Total,447
Scenario1,5,Server,Server1,Processing,Throughput,NumberEntered,Total,480
Scenario1,1,Server,Server1,Processing,Throughput,NumberExited,Total,470
Scenario1,2,Server,Server1,Processing,Throughput,NumberExited,Total,468
Scenario1,3,Server,Server1,Processing,Throughput,NumberExited,Total,459
Scenario1,4,Server,Server1,Processing,Throughput,NumberExited,Total,446
Scenario1,5,Server,Server1,Processing,Throughput,NumberExited,Total,479
Scenario1,1,Sink,Sink1,[DestroyedEntities],FlowTime,TimeInSystem,Average,0.061255075844365
Scenario1,2,Sink,Sink1,[DestroyedEntities],FlowTime,TimeInSystem,Average,0.048933759355168
Scenario1,3,Sink,Sink1,[DestroyedEntities],FlowTime,TimeInSystem,Average,0.0750436338501356
Scenario1,4,Sink,Sink1,[DestroyedEntities],FlowTime,TimeInSystem,Average,0.0649856601916999
Scenario1,5,Sink,Sink1,[DestroyedEntities],FlowTime,TimeInSystem,Average,0.130632773816685
Scenario1,1,Sink,Sink1,[DestroyedEntities],FlowTime,TimeInSystem,HalfWidth,NaN
Scenario1,2,Sink,Sink1,[DestroyedEntities],FlowTime,TimeInSystem,HalfWidth,NaN
Scenario1,3,Sink,Sink1,[DestroyedEntities],FlowTime,TimeInSystem,HalfWidth,NaN
Scenario1,4,Sink,Sink1,[DestroyedEntities],FlowTime,TimeInSystem,HalfWidth,NaN
Scenario1,5,Sink,Sink1,[DestroyedEntities],FlowTime,TimeInSystem,HalfWidth,NaN
Scenario1,1,Sink,Sink1,[DestroyedEntities],FlowTime,TimeInSystem,Maximum,0.209281153885787
Scenario1,2,Sink,Sink1,[DestroyedEntities],FlowTime,TimeInSystem,Maximum,0.227225222663411
Scenario1,3,Sink,Sink1,[DestroyedEntities],FlowTime,TimeInSystem,Maximum,0.295991393630306
Scenario1,4,Sink,Sink1,[DestroyedEntities],FlowTime,TimeInSystem,Maximum,0.201804032613054
Scenario1,5,Sink,Sink1,[DestroyedEntities],FlowTime,TimeInSystem,Maximum,0.509645880918066
Scenario1,1,Sink,Sink1,[DestroyedEntities],FlowTime,TimeInSystem,Minimum,1.68648747251865E-05
Scenario1,2,Sink,Sink1,[DestroyedEntities],FlowTime,TimeInSystem,Minimum,0.000403600909982371
Scenario1,3,Sink,Sink1,[DestroyedEntities],FlowTime,TimeInSystem,Minimum,7.17919816768386E-05
Scenario1,4,Sink,Sink1,[DestroyedEntities],FlowTime,TimeInSystem,Minimum,0.000914994064783237
Scenario1,5,Sink,Sink1,[DestroyedEntities],FlowTime,TimeInSystem,Minimum,0.000126863872803362
Scenario1,1,Sink,Sink1,[DestroyedEntities],FlowTime,TimeInSystem,Observations,470
Scenario1,2,Sink,Sink1,[DestroyedEntities],FlowTime,TimeInSystem,Observations,468
Scenario1,3,Sink,Sink1,[DestroyedEntities],FlowTime,TimeInSystem,Observations,459
Scenario1,4,Sink,Sink1,[DestroyedEntities],FlowTime,TimeInSystem,Observations,446
Scenario1,5,Sink,Sink1,[DestroyedEntities],FlowTime,TimeInSystem,Observations,479
Scenario1,1,Sink,Sink1,[Object],Costs,CapitalCost,Total,0
Scenario1,2,Sink,Sink1,[Object],Costs,CapitalCost,Total,0
Scenario1,3,Sink,Sink1,[Object],Costs,CapitalCost,Total,0
Scenario1,4,Sink,Sink1,[Object],Costs,CapitalCost,Total,0
Scenario1,5,Sink,Sink1,[Object],Costs,CapitalCost,Total,0
Scenario1,1,Sink,Sink1,[Object],Costs,TotalCost,Total,0
Scenario1,2,Sink,Sink1,[Object],Costs,TotalCost,Total,0
Scenario1,3,Sink,Sink1,[Object],Costs,TotalCost,Total,0
Scenario1,4,Sink,Sink1,[Object],Costs,TotalCost,Total,0
Scenario1,5,Sink,Sink1,[Object],Costs,TotalCost,Total,0
Scenario1,1,Sink,Sink1,InputBuffer,Content,NumberInStation,Average,0
Scenario1,2,Sink,Sink1,InputBuffer,Content,NumberInStation,Average,0
Scenario1,3,Sink,Sink1,InputBuffer,Content,NumberInStation,Average,0
Scenario1,4,Sink,Sink1,InputBuffer,Content,NumberInStation,Average,0
Scenario1,5,Sink,Sink1,InputBuffer,Content,NumberInStation,Average,0
Scenario1,1,Sink,Sink1,InputBuffer,Content,NumberInStation,Maximum,1
Scenario1,2,Sink,Sink1,InputBuffer,Content,NumberInStation,Maximum,1
Scenario1,3,Sink,Sink1,InputBuffer,Content,NumberInStation,Maximum,1
Scenario1,4,Sink,Sink1,InputBuffer,Content,NumberInStation,Maximum,1
Scenario1,5,Sink,Sink1,InputBuffer,Content,NumberInStation,Maximum,1
Scenario1,1,Sink,Sink1,InputBuffer,Content,NumberInStation,Minimum,0
Scenario1,2,Sink,Sink1,InputBuffer,Content,NumberInStation,Minimum,0
Scenario1,3,Sink,Sink1,InputBuffer,Content,NumberInStation,Minimum,0
Scenario1,4,Sink,Sink1,InputBuffer,Content,NumberInStation,Minimum,0
Scenario1,5,Sink,Sink1,InputBuffer,Content,NumberInStation,Minimum,0
Scenario1,1,Sink,Sink1,InputBuffer,Costs,CostPerItem,Average,0
Scenario1,2,Sink,Sink1,InputBuffer,Costs,CostPerItem,Average,0
Scenario1,3,Sink,Sink1,InputBuffer,Costs,CostPerItem,Average,0
Scenario1,4,Sink,Sink1,InputBuffer,Costs,CostPerItem,Average,0
Scenario1,5,Sink,Sink1,InputBuffer,Costs,CostPerItem,Average,0
Scenario1,1,Sink,Sink1,InputBuffer,Costs,CostPerItem,Maximum,0
Scenario1,2,Sink,Sink1,InputBuffer,Costs,CostPerItem,Maximum,0
Scenario1,3,Sink,Sink1,InputBuffer,Costs,CostPerItem,Maximum,0
Scenario1,4,Sink,Sink1,InputBuffer,Costs,CostPerItem,Maximum,0
Scenario1,5,Sink,Sink1,InputBuffer,Costs,CostPerItem,Maximum,0
Scenario1,1,Sink,Sink1,InputBuffer,Costs,CostPerItem,Minimum,0
Scenario1,2,Sink,Sink1,InputBuffer,Costs,CostPerItem,Minimum,0
Scenario1,3,Sink,Sink1,InputBuffer,Costs,CostPerItem,Minimum,0
Scenario1,4,Sink,Sink1,InputBuffer,Costs,CostPerItem,Minimum,0
Scenario1,5,Sink,Sink1,InputBuffer,Costs,CostPerItem,Minimum,0
Scenario1,1,Sink,Sink1,InputBuffer,Costs,TotalCost,Total,0
Scenario1,2,Sink,Sink1,InputBuffer,Costs,TotalCost,Total,0
Scenario1,3,Sink,Sink1,InputBuffer,Costs,TotalCost,Total,0
Scenario1,4,Sink,Sink1,InputBuffer,Costs,TotalCost,Total,0
Scenario1,5,Sink,Sink1,InputBuffer,Costs,TotalCost,Total,0
Scenario1,1,Sink,Sink1,InputBuffer,EntryQueue,NumberWaiting,Average,0
Scenario1,2,Sink,Sink1,InputBuffer,EntryQueue,NumberWaiting,Average,0
Scenario1,3,Sink,Sink1,InputBuffer,EntryQueue,NumberWaiting,Average,0
Scenario1,4,Sink,Sink1,InputBuffer,EntryQueue,NumberWaiting,Average,0
Scenario1,5,Sink,Sink1,InputBuffer,EntryQueue,NumberWaiting,Average,0
Scenario1,1,Sink,Sink1,InputBuffer,EntryQueue,NumberWaiting,Maximum,1
Scenario1,2,Sink,Sink1,InputBuffer,EntryQueue,NumberWaiting,Maximum,1
Scenario1,3,Sink,Sink1,InputBuffer,EntryQueue,NumberWaiting,Maximum,1
Scenario1,4,Sink,Sink1,InputBuffer,EntryQueue,NumberWaiting,Maximum,1
Scenario1,5,Sink,Sink1,InputBuffer,EntryQueue,NumberWaiting,Maximum,1
Scenario1,1,Sink,Sink1,InputBuffer,EntryQueue,NumberWaiting,Minimum,0
Scenario1,2,Sink,Sink1,InputBuffer,EntryQueue,NumberWaiting,Minimum,0
Scenario1,3,Sink,Sink1,InputBuffer,EntryQueue,NumberWaiting,Minimum,0
Scenario1,4,Sink,Sink1,InputBuffer,EntryQueue,NumberWaiting,Minimum,0
Scenario1,5,Sink,Sink1,InputBuffer,EntryQueue,NumberWaiting,Minimum,0
Scenario1,1,Sink,Sink1,InputBuffer,EntryQueue,TimeWaiting,Average,0
Scenario1,2,Sink,Sink1,InputBuffer,EntryQueue,TimeWaiting,Average,0
Scenario1,3,Sink,Sink1,InputBuffer,EntryQueue,TimeWaiting,Average,0
Scenario1,4,Sink,Sink1,InputBuffer,EntryQueue,TimeWaiting,Average,0
Scenario1,5,Sink,Sink1,InputBuffer,EntryQueue,TimeWaiting,Average,0
Scenario1,1,Sink,Sink1,InputBuffer,EntryQueue,TimeWaiting,Maximum,0
Scenario1,2,Sink,Sink1,InputBuffer,EntryQueue,TimeWaiting,Maximum,0
Scenario1,3,Sink,Sink1,InputBuffer,EntryQueue,TimeWaiting,Maximum,0
Scenario1,4,Sink,Sink1,InputBuffer,EntryQueue,TimeWaiting,Maximum,0
Scenario1,5,Sink,Sink1,InputBuffer,EntryQueue,TimeWaiting,Maximum,0
Scenario1,1,Sink,Sink1,InputBuffer,EntryQueue,TimeWaiting,Minimum,0
Scenario1,2,Sink,Sink1,InputBuffer,EntryQueue,TimeWaiting,Minimum,0
Scenario1,3,Sink,Sink1,InputBuffer,EntryQueue,TimeWaiting,Minimum,0
Scenario1,4,Sink,Sink1,InputBuffer,EntryQueue,TimeWaiting,Minimum,0
Scenario1,5,Sink,Sink1,InputBuffer,EntryQueue,TimeWaiting,Minimum,0
Scenario1,1,Sink,Sink1,InputBuffer,HoldingTime,TimeInStation,Average,0
Scenario1,2,Sink,Sink1,InputBuffer,HoldingTime,TimeInStation,Average,0
Scenario1,3,Sink,Sink1,InputBuffer,HoldingTime,TimeInStation,Average,0
Scenario1,4,Sink,Sink1,InputBuffer,HoldingTime,TimeInStation,Average,0
Scenario1,5,Sink,Sink1,InputBuffer,HoldingTime,TimeInStation,Average,0
Scenario1,1,Sink,Sink1,InputBuffer,HoldingTime,TimeInStation,Maximum,0
Scenario1,2,Sink,Sink1,InputBuffer,HoldingTime,TimeInStation,Maximum,0
Scenario1,3,Sink,Sink1,InputBuffer,HoldingTime,TimeInStation,Maximum,0
Scenario1,4,Sink,Sink1,InputBuffer,HoldingTime,TimeInStation,Maximum,0
Scenario1,5,Sink,Sink1,InputBuffer,HoldingTime,TimeInStation,Maximum,0
Scenario1,1,Sink,Sink1,InputBuffer,HoldingTime,TimeInStation,Minimum,0
Scenario1,2,Sink,Sink1,InputBuffer,HoldingTime,TimeInStation,Minimum,0
Scenario1,3,Sink,Sink1,InputBuffer,HoldingTime,TimeInStation,Minimum,0
Scenario1,4,Sink,Sink1,InputBuffer,HoldingTime,TimeInStation,Minimum,0
Scenario1,5,Sink,Sink1,InputBuffer,HoldingTime,TimeInStation,Minimum,0
Scenario1,1,Sink,Sink1,InputBuffer,Throughput,NumberBalked,Total,0
Scenario1,2,Sink,Sink1,InputBuffer,Throughput,NumberBalked,Total,0
Scenario1,3,Sink,Sink1,InputBuffer,Throughput,NumberBalked,Total,0
Scenario1,4,Sink,Sink1,InputBuffer,Throughput,NumberBalked,Total,0
Scenario1,5,Sink,Sink1,InputBuffer,Throughput,NumberBalked,Total,0
Scenario1,1,Sink,Sink1,InputBuffer,Throughput,NumberEntered,Total,470
Scenario1,2,Sink,Sink1,InputBuffer,Throughput,NumberEntered,Total,468
Scenario1,3,Sink,Sink1,InputBuffer,Throughput,NumberEntered,Total,459
Scenario1,4,Sink,Sink1,InputBuffer,Throughput,NumberEntered,Total,446
Scenario1,5,Sink,Sink1,InputBuffer,Throughput,NumberEntered,Total,479
Scenario1,1,Sink,Sink1,InputBuffer,Throughput,NumberExited,Total,470
Scenario1,2,Sink,Sink1,InputBuffer,Throughput,NumberExited,Total,468
Scenario1,3,Sink,Sink1,InputBuffer,Throughput,NumberExited,Total,459
Scenario1,4,Sink,Sink1,InputBuffer,Throughput,NumberExited,Total,446
Scenario1,5,Sink,Sink1,InputBuffer,Throughput,NumberExited,Total,479
Scenario1,1,Source,Source1,[Object],Costs,CapitalCost,Total,0
Scenario1,2,Source,Source1,[Object],Costs,CapitalCost,Total,0
Scenario1,3,Source,Source1,[Object],Costs,CapitalCost,Total,0
Scenario1,4,Source,Source1,[Object],Costs,CapitalCost,Total,0
Scenario1,5,Source,Source1,[Object],Costs,CapitalCost,Total,0
Scenario1,1,Source,Source1,[Object],Costs,TotalCost,Total,0
Scenario1,2,Source,Source1,[Object],Costs,TotalCost,Total,0
Scenario1,3,Source,Source1,[Object],Costs,TotalCost,Total,0
Scenario1,4,Source,Source1,[Object],Costs,TotalCost,Total,0
Scenario1,5,Source,Source1,[Object],Costs,TotalCost,Total,0
Scenario1,1,Source,Source1,OutputBuffer,Content,NumberInStation,Average,0
Scenario1,2,Source,Source1,OutputBuffer,Content,NumberInStation,Average,0
Scenario1,3,Source,Source1,OutputBuffer,Content,NumberInStation,Average,0
Scenario1,4,Source,Source1,OutputBuffer,Content,NumberInStation,Average,0
Scenario1,5,Source,Source1,OutputBuffer,Content,NumberInStation,Average,0
Scenario1,1,Source,Source1,OutputBuffer,Content,NumberInStation,Maximum,1
Scenario1,2,Source,Source1,OutputBuffer,Content,NumberInStation,Maximum,1
Scenario1,3,Source,Source1,OutputBuffer,Content,NumberInStation,Maximum,1
Scenario1,4,Source,Source1,OutputBuffer,Content,NumberInStation,Maximum,1
Scenario1,5,Source,Source1,OutputBuffer,Content,NumberInStation,Maximum,1
Scenario1,1,Source,Source1,OutputBuffer,Content,NumberInStation,Minimum,0
Scenario1,2,Source,Source1,OutputBuffer,Content,NumberInStation,Minimum,0
Scenario1,3,Source,Source1,OutputBuffer,Content,NumberInStation,Minimum,0
Scenario1,4,Source,Source1,OutputBuffer,Content,NumberInStation,Minimum,0
Scenario1,5,Source,Source1,OutputBuffer,Content,NumberInStation,Minimum,0
Scenario1,1,Source,Source1,OutputBuffer,Costs,CostPerItem,Average,0
Scenario1,2,Source,Source1,OutputBuffer,Costs,CostPerItem,Average,0
Scenario1,3,Source,Source1,OutputBuffer,Costs,CostPerItem,Average,0
Scenario1,4,Source,Source1,OutputBuffer,Costs,CostPerItem,Average,0
Scenario1,5,Source,Source1,OutputBuffer,Costs,CostPerItem,Average,0
Scenario1,1,Source,Source1,OutputBuffer,Costs,CostPerItem,Maximum,0
Scenario1,2,Source,Source1,OutputBuffer,Costs,CostPerItem,Maximum,0
Scenario1,3,Source,Source1,OutputBuffer,Costs,CostPerItem,Maximum,0
Scenario1,4,Source,Source1,OutputBuffer,Costs,CostPerItem,Maximum,0
Scenario1,5,Source,Source1,OutputBuffer,Costs,CostPerItem,Maximum,0
Scenario1,1,Source,Source1,OutputBuffer,Costs,CostPerItem,Minimum,0
Scenario1,2,Source,Source1,OutputBuffer,Costs,CostPerItem,Minimum,0
Scenario1,3,Source,Source1,OutputBuffer,Costs,CostPerItem,Minimum,0
Scenario1,4,Source,Source1,OutputBuffer,Costs,CostPerItem,Minimum,0
Scenario1,5,Source,Source1,OutputBuffer,Costs,CostPerItem,Minimum,0
Scenario1,1,Source,Source1,OutputBuffer,Costs,TotalCost,Total,0
Scenario1,2,Source,Source1,OutputBuffer,Costs,TotalCost,Total,0
Scenario1,3,Source,Source1,OutputBuffer,Costs,TotalCost,Total,0
Scenario1,4,Source,Source1,OutputBuffer,Costs,TotalCost,Total,0
Scenario1,5,Source,Source1,OutputBuffer,Costs,TotalCost,Total,0
Scenario1,1,Source,Source1,OutputBuffer,EntryQueue,NumberWaiting,Average,0
Scenario1,2,Source,Source1,OutputBuffer,EntryQueue,NumberWaiting,Average,0
Scenario1,3,Source,Source1,OutputBuffer,EntryQueue,NumberWaiting,Average,0
Scenario1,4,Source,Source1,OutputBuffer,EntryQueue,NumberWaiting,Average,0
Scenario1,5,Source,Source1,OutputBuffer,EntryQueue,NumberWaiting,Average,0
Scenario1,1,Source,Source1,OutputBuffer,EntryQueue,NumberWaiting,Maximum,1
Scenario1,2,Source,Source1,OutputBuffer,EntryQueue,NumberWaiting,Maximum,1
Scenario1,3,Source,Source1,OutputBuffer,EntryQueue,NumberWaiting,Maximum,1
Scenario1,4,Source,Source1,OutputBuffer,EntryQueue,NumberWaiting,Maximum,1
Scenario1,5,Source,Source1,OutputBuffer,EntryQueue,NumberWaiting,Maximum,1
Scenario1,1,Source,Source1,OutputBuffer,EntryQueue,NumberWaiting,Minimum,0
Scenario1,2,Source,Source1,OutputBuffer,EntryQueue,NumberWaiting,Minimum,0
Scenario1,3,Source,Source1,OutputBuffer,EntryQueue,NumberWaiting,Minimum,0
Scenario1,4,Source,Source1,OutputBuffer,EntryQueue,NumberWaiting,Minimum,0
Scenario1,5,Source,Source1,OutputBuffer,EntryQueue,NumberWaiting,Minimum,0
Scenario1,1,Source,Source1,OutputBuffer,EntryQueue,TimeWaiting,Average,0
Scenario1,2,Source,Source1,OutputBuffer,EntryQueue,TimeWaiting,Average,0
Scenario1,3,Source,Source1,OutputBuffer,EntryQueue,TimeWaiting,Average,0
Scenario1,4,Source,Source1,OutputBuffer,EntryQueue,TimeWaiting,Average,0
Scenario1,5,Source,Source1,OutputBuffer,EntryQueue,TimeWaiting,Average,0
Scenario1,1,Source,Source1,OutputBuffer,EntryQueue,TimeWaiting,Maximum,0
Scenario1,2,Source,Source1,OutputBuffer,EntryQueue,TimeWaiting,Maximum,0
Scenario1,3,Source,Source1,OutputBuffer,EntryQueue,TimeWaiting,Maximum,0
Scenario1,4,Source,Source1,OutputBuffer,EntryQueue,TimeWaiting,Maximum,0
Scenario1,5,Source,Source1,OutputBuffer,EntryQueue,TimeWaiting,Maximum,0
Scenario1,1,Source,Source1,OutputBuffer,EntryQueue,TimeWaiting,Minimum,0
Scenario1,2,Source,Source1,OutputBuffer,EntryQueue,TimeWaiting,Minimum,0
Scenario1,3,Source,Source1,OutputBuffer,EntryQueue,TimeWaiting,Minimum,0
Scenario1,4,Source,Source1,OutputBuffer,EntryQueue,TimeWaiting,Minimum,0
Scenario1,5,Source,Source1,OutputBuffer,EntryQueue,TimeWaiting,Minimum,0
Scenario1,1,Source,Source1,OutputBuffer,HoldingTime,TimeInStation,Average,0
Scenario1,2,Source,Source1,OutputBuffer,HoldingTime,TimeInStation,Average,0
Scenario1,3,Source,Source1,OutputBuffer,HoldingTime,TimeInStation,Average,0
Scenario1,4,Source,Source1,OutputBuffer,HoldingTime,TimeInStation,Average,0
Scenario1,5,Source,Source1,OutputBuffer,HoldingTime,TimeInStation,Average,0
Scenario1,1,Source,Source1,OutputBuffer,HoldingTime,TimeInStation,Maximum,0
Scenario1,2,Source,Source1,OutputBuffer,HoldingTime,TimeInStation,Maximum,0
Scenario1,3,Source,Source1,OutputBuffer,HoldingTime,TimeInStation,Maximum,0
Scenario1,4,Source,Source1,OutputBuffer,HoldingTime,TimeInStation,Maximum,0
Scenario1,5,Source,Source1,OutputBuffer,HoldingTime,TimeInStation,Maximum,0
Scenario1,1,Source,Source1,OutputBuffer,HoldingTime,TimeInStation,Minimum,0
Scenario1,2,Source,Source1,OutputBuffer,HoldingTime,TimeInStation,Minimum,0
Scenario1,3,Source,Source1,OutputBuffer,HoldingTime,TimeInStation,Minimum,0
Scenario1,4,Source,Source1,OutputBuffer,HoldingTime,TimeInStation,Minimum,0
Scenario1,5,Source,Source1,OutputBuffer,HoldingTime,TimeInStation,Minimum,0
Scenario1,1,Source,Source1,OutputBuffer,Throughput,NumberBalked,Total,0
Scenario1,2,Source,Source1,OutputBuffer,Throughput,NumberBalked,Total,0
Scenario1,3,Source,Source1,OutputBuffer,Throughput,NumberBalked,Total,0
Scenario1,4,Source,Source1,OutputBuffer,Throughput,NumberBalked,Total,0
Scenario1,5,Source,Source1,OutputBuffer,Throughput,NumberBalked,Total,0
Scenario1,1,Source,Source1,OutputBuffer,Throughput,NumberEntered,Total,470
Scenario1,2,Source,Source1,OutputBuffer,Throughput,NumberEntered,Total,469
Scenario1,3,Source,Source1,OutputBuffer,Throughput,NumberEntered,Total,465
Scenario1,4,Source,Source1,OutputBuffer,Throughput,NumberEntered,Total,448
Scenario1,5,Source,Source1,OutputBuffer,Throughput,NumberEntered,Total,507
Scenario1,1,Source,Source1,OutputBuffer,Throughput,NumberExited,Total,470
Scenario1,2,Source,Source1,OutputBuffer,Throughput,NumberExited,Total,469
Scenario1,3,Source,Source1,OutputBuffer,Throughput,NumberExited,Total,465
Scenario1,4,Source,Source1,OutputBuffer,Throughput,NumberExited,Total,448
Scenario1,5,Source,Source1,OutputBuffer,Throughput,NumberExited,Total,507
Scenario1,1,Source,Source1,Processing,Content,NumberInStation,Average,0
Scenario1,2,Source,Source1,Processing,Content,NumberInStation,Average,0
Scenario1,3,Source,Source1,Processing,Content,NumberInStation,Average,0
Scenario1,4,Source,Source1,Processing,Content,NumberInStation,Average,0
Scenario1,5,Source,Source1,Processing,Content,NumberInStation,Average,0
Scenario1,1,Source,Source1,Processing,Content,NumberInStation,Maximum,1
Scenario1,2,Source,Source1,Processing,Content,NumberInStation,Maximum,1
Scenario1,3,Source,Source1,Processing,Content,NumberInStation,Maximum,1
Scenario1,4,Source,Source1,Processing,Content,NumberInStation,Maximum,1
Scenario1,5,Source,Source1,Processing,Content,NumberInStation,Maximum,1
Scenario1,1,Source,Source1,Processing,Content,NumberInStation,Minimum,0
Scenario1,2,Source,Source1,Processing,Content,NumberInStation,Minimum,0
Scenario1,3,Source,Source1,Processing,Content,NumberInStation,Minimum,0
Scenario1,4,Source,Source1,Processing,Content,NumberInStation,Minimum,0
Scenario1,5,Source,Source1,Processing,Content,NumberInStation,Minimum,0
Scenario1,1,Source,Source1,Processing,Costs,CostPerItem,Average,0
Scenario1,2,Source,Source1,Processing,Costs,CostPerItem,Average,0
Scenario1,3,Source,Source1,Processing,Costs,CostPerItem,Average,0
Scenario1,4,Source,Source1,Processing,Costs,CostPerItem,Average,0
Scenario1,5,Source,Source1,Processing,Costs,CostPerItem,Average,0
Scenario1,1,Source,Source1,Processing,Costs,CostPerItem,Maximum,0
Scenario1,2,Source,Source1,Processing,Costs,CostPerItem,Maximum,0
Scenario1,3,Source,Source1,Processing,Costs,CostPerItem,Maximum,0
Scenario1,4,Source,Source1,Processing,Costs,CostPerItem,Maximum,0
Scenario1,5,Source,Source1,Processing,Costs,CostPerItem,Maximum,0
Scenario1,1,Source,Source1,Processing,Costs,CostPerItem,Minimum,0
Scenario1,2,Source,Source1,Processing,Costs,CostPerItem,Minimum,0
Scenario1,3,Source,Source1,Processing,Costs,CostPerItem,Minimum,0
Scenario1,4,Source,Source1,Processing,Costs,CostPerItem,Minimum,0
Scenario1,5,Source,Source1,Processing,Costs,CostPerItem,Minimum,0
Scenario1,1,Source,Source1,Processing,Costs,TotalCost,Total,0
Scenario1,2,Source,Source1,Processing,Costs,TotalCost,Total,0
Scenario1,3,Source,Source1,Processing,Costs,TotalCost,Total,0
Scenario1,4,Source,Source1,Processing,Costs,TotalCost,Total,0
Scenario1,5,Source,Source1,Processing,Costs,TotalCost,Total,0
Scenario1,1,Source,Source1,Processing,EntryQueue,NumberWaiting,Average,0
Scenario1,2,Source,Source1,Processing,EntryQueue,NumberWaiting,Average,0
Scenario1,3,Source,Source1,Processing,EntryQueue,NumberWaiting,Average,0
Scenario1,4,Source,Source1,Processing,EntryQueue,NumberWaiting,Average,0
Scenario1,5,Source,Source1,Processing,EntryQueue,NumberWaiting,Average,0
Scenario1,1,Source,Source1,Processing,EntryQueue,NumberWaiting,Maximum,1
Scenario1,2,Source,Source1,Processing,EntryQueue,NumberWaiting,Maximum,1
Scenario1,3,Source,Source1,Processing,EntryQueue,NumberWaiting,Maximum,1
Scenario1,4,Source,Source1,Processing,EntryQueue,NumberWaiting,Maximum,1
Scenario1,5,Source,Source1,Processing,EntryQueue,NumberWaiting,Maximum,1
Scenario1,1,Source,Source1,Processing,EntryQueue,NumberWaiting,Minimum,0
Scenario1,2,Source,Source1,Processing,EntryQueue,NumberWaiting,Minimum,0
Scenario1,3,Source,Source1,Processing,EntryQueue,NumberWaiting,Minimum,0
Scenario1,4,Source,Source1,Processing,EntryQueue,NumberWaiting,Minimum,0
Scenario1,5,Source,Source1,Processing,EntryQueue,NumberWaiting,Minimum,0
Scenario1,1,Source,Source1,Processing,EntryQueue,TimeWaiting,Average,0
Scenario1,2,Source,Source1,Processing,EntryQueue,TimeWaiting,Average,0
Scenario1,3,Source,Source1,Processing,EntryQueue,TimeWaiting,Average,0
Scenario1,4,Source,Source1,Processing,EntryQueue,TimeWaiting,Average,0
Scenario1,5,Source,Source1,Processing,EntryQueue,TimeWaiting,Average,0
Scenario1,1,Source,Source1,Processing,EntryQueue,TimeWaiting,Maximum,0
Scenario1,2,Source,Source1,Processing,EntryQueue,TimeWaiting,Maximum,0
Scenario1,3,Source,Source1,Processing,EntryQueue,TimeWaiting,Maximum,0
Scenario1,4,Source,Source1,Processing,EntryQueue,TimeWaiting,Maximum,0
Scenario1,5,Source,Source1,Processing,EntryQueue,TimeWaiting,Maximum,0
Scenario1,1,Source,Source1,Processing,EntryQueue,TimeWaiting,Minimum,0
Scenario1,2,Source,Source1,Processing,EntryQueue,TimeWaiting,Minimum,0
Scenario1,3,Source,Source1,Processing,EntryQueue,TimeWaiting,Minimum,0
Scenario1,4,Source,Source1,Processing,EntryQueue,TimeWaiting,Minimum,0
Scenario1,5,Source,Source1,Processing,EntryQueue,TimeWaiting,Minimum,0
Scenario1,1,Source,Source1,Processing,HoldingTime,TimeInStation,Average,0
Scenario1,2,Source,Source1,Processing,HoldingTime,TimeInStation,Average,0
Scenario1,3,Source,Source1,Processing,HoldingTime,TimeInStation,Average,0
Scenario1,4,Source,Source1,Processing,HoldingTime,TimeInStation,Average,0
Scenario1,5,Source,Source1,Processing,HoldingTime,TimeInStation,Average,0
Scenario1,1,Source,Source1,Processing,HoldingTime,TimeInStation,Maximum,0
Scenario1,2,Source,Source1,Processing,HoldingTime,TimeInStation,Maximum,0
Scenario1,3,Source,Source1,Processing,HoldingTime,TimeInStation,Maximum,0
Scenario1,4,Source,Source1,Processing,HoldingTime,TimeInStation,Maximum,0
Scenario1,5,Source,Source1,Processing,HoldingTime,TimeInStation,Maximum,0
Scenario1,1,Source,Source1,Processing,HoldingTime,TimeInStation,Minimum,0
Scenario1,2,Source,Source1,Processing,HoldingTime,TimeInStation,Minimum,0
Scenario1,3,Source,Source1,Processing,HoldingTime,TimeInStation,Minimum,0
Scenario1,4,Source,Source1,Processing,HoldingTime,TimeInStation,Minimum,0
Scenario1,5,Source,Source1,Processing,HoldingTime,TimeInStation,Minimum,0
Scenario1,1,Source,Source1,Processing,Throughput,NumberBalked,Total,0
Scenario1,2,Source,Source1,Processing,Throughput,NumberBalked,Total,0
Scenario1,3,Source,Source1,Processing,Throughput,NumberBalked,Total,0
Scenario1,4,Source,Source1,Processing,Throughput,NumberBalked,Total,0
Scenario1,5,Source,Source1,Processing,Throughput,NumberBalked,Total,0
Scenario1,1,Source,Source1,Processing,Throughput,NumberEntered,Total,470
Scenario1,2,Source,Source1,Processing,Throughput,NumberEntered,Total,469
Scenario1,3,Source,Source1,Processing,Throughput,NumberEntered,Total,465
Scenario1,4,Source,Source1,Processing,Throughput,NumberEntered,Total,448
Scenario1,5,Source,Source1,Processing,Throughput,NumberEntered,Total,507
Scenario1,1,Source,Source1,Processing,Throughput,NumberExited,Total,470
Scenario1,2,Source,Source1,Processing,Throughput,NumberExited,Total,469
Scenario1,3,Source,Source1,Processing,Throughput,NumberExited,Total,465
Scenario1,4,Source,Source1,Processing,Throughput,NumberExited,Total,448
Scenario1,5,Source,Source1,Processing,Throughput,NumberExited,Total,507
