playerId,player,playername,position,team,playerposition,playerteam,vor,points,actualPoints,overallECR,overallRank,positionRank,cost,salary,dropoff,adp,adpdiff,auctionValue,upper,lower,risk,sleeper
184,null,Donnie Avery,WR,FA,WR,FA,null,0,null,null,null,158,null,null,0,null,null,null,0,0,null,null
216,null,Fred Davis,TE,FA,TE,FA,null,0,null,null,null,92,null,null,0,null,null,null,0,0,null,null
222,null,Harry Douglas,WR,TEN,WR,TEN,null,2.3711,null,null,null,101,null,null,0.0769,null,null,null,3.1287,0.67,3.0234,null
234,null,Matt Forte,RB,NYJ,RB,NYJ,null,15.1214,null,null,null,11,null,null,0.9212,null,null,null,18.3453,12.36,9.812,null
252,null,Chad Henne,QB,JAC,QB,JAC,null,0.1397,null,null,null,52,null,null,0.0272,null,null,null,0.2161,0.066,3.8536,null
262,null,Chris Johnson,RB,ARI,RB,ARI,null,0,null,null,null,109,null,null,0,null,null,null,0,0,3.3019,null
264,null,Josh Johnson,QB,NYG,QB,NYG,null,0,null,null,null,66,null,null,0,null,null,null,0,0,3.6283,null
284,null,Darren McFadden,RB,DAL,RB,DAL,null,0,null,null,null,109,null,null,0,null,null,null,0,0,3.3019,null
310,null,Matt Ryan,QB,ATL,QB,ATL,null,18.8318,null,null,null,3,null,null,0.4101,null,null,null,21.3693,15.64,5.5968,null
318,null,Jerome Simpson,WR,FA,WR,FA,null,0,null,null,null,158,null,null,0,null,null,null,0,0,null,null
324,null,Jacob Tamme,TE,ATL,TE,ATL,null,0,null,null,null,92,null,null,0,null,null,null,0,0,null,null
367,null,Matt Flynn,QB,NO,QB,NO,null,0.0045,null,null,null,65,null,null,0.0045,null,null,null,0.0068,0,3.6393,null
382,null,Joe Flacco,QB,BAL,QB,BAL,null,16.8822,null,null,null,15,null,null,0.4844,null,null,null,19.0912,13.96,6.832,null
768,null,Steve Johnson,WR,SD,WR,SD,null,0,null,null,null,158,null,null,0,null,null,null,0,0,null,null
925,null,Jamaal Charles,RB,KC,RB,KC,null,0,null,null,null,109,null,null,0,null,null,null,0,0,3.3019,null
941,null,Ray Rice,RB,FA,RB,FA,null,0,null,null,null,109,null,null,0,null,null,null,0,0,null,null
949,null,Jonathan Stewart,RB,CAR,RB,CAR,null,11.6743,null,null,null,17,null,null,0.4789,null,null,null,12.7676,7.6735,7.6225,null
1032,null,Jordy Nelson,WR,GB,WR,GB,null,17.0335,null,null,null,6,null,null,0.3348,null,null,null,18.9772,13.9386,3.3319,null
1060,null,Gary Barnidge,TE,CLE,TE,CLE,null,9.4391,null,null,null,16,null,null,0.7082,null,null,null,9.9555,8.4558,4.9532,null
1062,null,Martellus Bennett,TE,NE,TE,NE,null,7.5002,null,null,null,22,null,null,0.2165,null,null,null,8.5722,5.5069,5.9389,null
1581,null,DeSean Jackson,WR,WAS,WR,WAS,null,0,null,null,null,158,null,null,0,null,null,null,0,0,null,null
1966,null,John Carlson,TE,FA,TE,FA,null,0,null,null,null,92,null,null,0,null,null,null,0,0,null,null
1990,null,Eddie Royal,WR,CHI,WR,CHI,null,7.2013,null,null,null,72,null,null,0.2212,null,null,null,9.0126,4.7806,null,null
1992,null,Craig Stevens,TE,FA,TE,FA,null,0,null,null,null,92,null,null,0,null,null,null,0,0,null,null
2346,null,Pierre Garcon,WR,WAS,WR,WAS,null,11.1646,null,null,null,38,null,null,0.2104,null,null,null,12.6718,9.39,6.0314,null
2649,null,Danny Amendola,WR,NE,WR,NE,null,5.3367,null,null,null,84,null,null,0.1602,null,null,null,7.5546,2.0347,6.957,null
4231,null,Jed Collins,RB,FA,RB,FA,null,0,null,null,null,109,null,null,0,null,null,null,0,0,null,null
4327,null,Danny Woodhead,RB,SD,RB,SD,null,0,null,null,null,109,null,null,0,null,null,null,0,0,null,null
4383,null,Tim Hightower,RB,NO,RB,NO,null,9.8254,null,null,null,28,null,null,0.347,null,null,null,11.5068,7.6,6.1246,null
4433,null,Marcel Reece,RB,FA,RB,FA,null,0,null,null,null,109,null,null,0,null,null,null,0,0,3.3019,null
4487,null,Matthew Slater,WR,NE,WR,NE,null,0.0235,null,null,null,157,null,null,0.0235,null,null,null,0.0574,0,null,null
71217,null,Kenny Britt,WR,LA,WR,LA,null,12.973,null,null,null,30,null,null,0.8373,null,null,null,15.2208,10.1082,3.4862,null
71247,null,James Casey,TE,FA,TE,FA,null,0,null,null,null,92,null,null,0,null,null,null,0,0,null,null
71265,null,Jared Cook,TE,GB,TE,GB,null,2.9967,null,null,null,40,null,null,0.1058,null,null,null,4.853,0,11.548,null
71345,null,Rashad Jennings,RB,NYG,RB,NYG,null,10.9575,null,null,null,20,null,null,0.2346,null,null,null,13.4772,5.4,8.3445,null
71417,null,Jordan Norwood,WR,DEN,WR,DEN,null,5.9541,null,null,null,78,null,null,0.021,null,null,null,7.833,4.05,6.7256,null
71435,null,John Phillips,TE,NO,TE,NO,null,0.1533,null,null,null,88,null,null,0.0317,null,null,null,0.3369,0,3.6951,null
79555,null,Arian Foster,RB,FA,RB,FA,null,0,null,null,null,109,null,null,0,null,null,null,0,0,3.3019,null
79557,null,Josh Freeman,QB,FA,QB,FA,null,0,null,null,null,66,null,null,0,null,null,null,0,0,3.6283,null
79563,null,Shonn Greene,RB,FA,RB,FA,null,0,null,null,null,109,null,null,0,null,null,null,0,0,null,null
79589,null,David Johnson,TE,PIT,TE,PIT,null,0.746,null,null,null,68,null,null,0.0816,null,null,null,0.9122,0.5945,3.5142,null
79619,null,Knowshon Moreno,RB,FA,RB,FA,null,0,null,null,null,109,null,null,0,null,null,null,0,0,null,null
79625,null,Bear Pascoe,TE,NE,TE,NE,null,0,null,null,null,92,null,null,0,null,null,null,0,0,3.0126,null
79629,null,Cedric Peerman,RB,CIN,RB,CIN,null,0,null,null,null,109,null,null,0,null,null,null,0,0,3.3019,null
79858,null,Mark Sanchez,QB,DAL,QB,DAL,null,0.0725,null,null,null,59,null,null,0.0087,null,null,null,0.166,0,3.8461,null
80427,null,Darrius Heyward-Bey,WR,PIT,WR,PIT,null,0,null,null,null,158,null,null,0,null,null,null,0,0,null,null
80429,null,Jeremy Maclin,WR,KC,WR,KC,null,0,null,null,null,158,null,null,0,null,null,null,0,0,null,null
80670,null,Louis Murphy,WR,TB,WR,TB,null,0,null,null,null,158,null,null,0,null,null,null,0,0,null,null
80672,null,Hakeem Nicks,WR,FA,WR,FA,null,0,null,null,null,158,null,null,0,null,null,null,0,0,null,null
80674,null,Chris Ogbonnaya,RB,FA,RB,FA,null,0,null,null,null,109,null,null,0,null,null,null,0,0,null,null
81284,null,Chase Daniel,QB,PHI,QB,PHI,null,0.11,null,null,null,55,null,null,0.0037,null,null,null,0.2426,-0.01,3.9465,null
81288,null,Brandon Gibson,WR,NE,WR,NE,null,0.1982,null,null,null,150,null,null,0.0269,null,null,null,0.4083,0,null,null
81294,null,Brian Hoyer,QB,CHI,QB,CHI,null,0,null,null,null,66,null,null,0,null,null,null,0,0,3.6283,null
81831,null,Brian Hartline,WR,FA,WR,FA,null,0,null,null,null,158,null,null,0,null,null,null,0,0,null,null
89766,null,Brandon Myers,TE,TB,TE,TB,null,2.3225,null,null,null,48,null,null,0.0676,null,null,null,4.06,0.55,6.5737,null
89798,null,Antone Smith,RB,TB,RB,TB,null,0,null,null,null,109,null,null,0,null,null,null,0,0,null,null
100001,null,Falcons,DST,ATL,DST,ATL,null,6.6712,null,null,null,18,null,null,0.2188,null,null,null,6.25,4.2,5.4442,null
100002,null,Ravens,DST,BAL,DST,BAL,null,8.8201,null,null,null,3,null,null,0.1105,null,null,null,10.817,6.4,6.227,null
100004,null,Panthers,DST,CAR,DST,CAR,null,8.6482,null,null,null,6,null,null,0.4426,null,null,null,9.144,3.2,6.4584,null
100005,null,Bears,DST,CHI,DST,CHI,null,6.2419,null,null,null,21,null,null,0.4452,null,null,null,6.6372,4.9,4.835,null
100006,null,Bengals,DST,CIN,DST,CIN,null,6.7577,null,null,null,16,null,null,0.0499,null,null,null,7.364,2,6.0847,null
100007,null,Browns,DST,CLE,DST,CLE,null,6.7444,null,null,null,17,null,null,0.1602,null,null,null,8.9872,3.2,6.9266,null
100008,null,Cowboys,DST,DAL,DST,DAL,null,6.4971,null,null,null,19,null,null,0.1723,null,null,null,7.975,3.2,5.8484,null
100009,null,Broncos,DST,DEN,DST,DEN,null,6.4077,null,null,null,20,null,null,0.2674,null,null,null,7.2372,1.2,5.91,null
100011,null,Packers,DST,GB,DST,GB,null,6.0386,null,null,null,22,null,null,0.4995,null,null,null,6.4744,4.2,3.8033,null
100012,null,Titans,DST,TEN,DST,TEN,null,5.2215,null,null,null,26,null,null,0.2872,null,null,null,6.165,2.2,6.7272,null
100013,null,Texans,DST,HOU,DST,HOU,null,7.6281,null,null,null,13,null,null,0.1975,null,null,null,8.1488,5.5,3.2284,null
100015,null,Jaguars,DST,JAC,DST,JAC,null,5.5235,null,null,null,24,null,null,0.2141,null,null,null,6.1424,3.2,4.0238,null
100016,null,Chiefs,DST,KC,DST,KC,null,8.7156,null,null,null,4,null,null,0.0397,null,null,null,9.9291,2.2,6.0911,null
100017,null,Rams,DST,LA,DST,LA,null,10.3539,null,null,null,1,null,null,1.3186,null,null,null,9.9341,9,2.045,null
100019,null,Dolphins,DST,MIA,DST,MIA,null,7.4855,null,null,null,14,null,null,0.4188,null,null,null,8.1558,4.2,5.2915,null
100020,null,Vikings,DST,MIN,DST,MIN,null,8.7037,null,null,null,5,null,null,0.15,null,null,null,8.23,5.2611,2.8843,null
100021,null,Patriots,DST,NE,DST,NE,null,7.3757,null,null,null,15,null,null,0.6247,null,null,null,7.76,5.1,3.2509,null
100022,null,Saints,DST,NO,DST,NO,null,7.7701,null,null,null,9,null,null,0.0712,null,null,null,10.1574,3.4,7.6026,null
100023,null,Giants,DST,NYG,DST,NYG,null,5.3973,null,null,null,25,null,null,0.2736,null,null,null,5.7264,4.5,2.2134,null
100024,null,Jets,DST,NYJ,DST,NYJ,null,8.4592,null,null,null,7,null,null,0.5981,null,null,null,11.0723,3.7,6.7471,null
100025,null,Eagles,DST,PHI,DST,PHI,null,7.7398,null,null,null,10,null,null,0.0827,null,null,null,8.43,4.2611,4.852,null
100026,null,Cardinals,DST,ARI,DST,ARI,null,9.2505,null,null,null,2,null,null,0.4826,null,null,null,11.6018,7.3832,1.6566,null
100027,null,Steelers,DST,PIT,DST,PIT,null,4.8427,null,null,null,28,null,null,null,null,null,null,5.6894,1.7,4.702,null
100028,null,Chargers,DST,SD,DST,SD,null,7.658,null,null,null,11,null,null,0.0158,null,null,null,8.5147,4.2611,6.9367,null
100029,null,49ers,DST,SF,DST,SF,null,5.0259,null,null,null,27,null,null,0.1831,null,null,null,5.5488,4.3285,0.0258,null
100030,null,Seahawks,DST,SEA,DST,SEA,null,5.5547,null,null,null,23,null,null,0.0943,null,null,null,6.2431,3.2642,5.5502,null
100031,null,Buccaneers,DST,TB,DST,TB,null,7.6562,null,null,null,12,null,null,0.0994,null,null,null,9.9872,3.7,8.5906,null
100032,null,Redskins,DST,WAS,DST,WAS,null,7.952,null,null,null,8,null,null,0.197,null,null,null,8.5372,5.2642,6.043,null
163982,null,Will Johnson,RB,NYG,RB,NYG,null,0,null,null,null,109,null,null,0,null,null,null,0,0,3.3019,null
238457,null,Zach Miller,TE,CHI,TE,CHI,null,12.7628,null,null,null,9,null,null,1.7215,null,null,null,14.5422,8.6078,6.975,null
238498,null,Julian Edelman,WR,NE,WR,NE,null,14.8808,null,null,null,16,null,null,0.2032,null,null,null,17.3434,10.7412,null,null
496812,null,Erik Lorig,RB,FA,RB,FA,null,0,null,null,null,109,null,null,0,null,null,null,0,0,null,null
497095,null,Sam Bradford,QB,MIN,QB,MIN,null,13.1723,null,null,null,26,null,null,1.6469,null,null,null,14.0213,11.04,4.5719,null
497108,null,Jimmy Clausen,QB,FA,QB,FA,null,0,null,null,null,66,null,null,0,null,null,null,0,0,3.6283,null
497121,null,Thad Lewis,QB,SF,QB,SF,null,0,null,null,null,66,null,null,0,null,null,null,0,0,3.6283,null
497123,null,Colt McCoy,QB,WAS,QB,WAS,null,0.6922,null,null,null,36,null,null,0.1037,null,null,null,1.3139,0.112,5.4185,null
497145,null,Joique Bell,RB,FA,RB,FA,null,0,null,null,null,109,null,null,0,null,null,null,0,0,3.3019,null
497149,null,LeGarrette Blount,RB,NE,RB,NE,null,11.1151,null,null,null,19,null,null,0.258,null,null,null,13.3494,5.36,7.6334,null
497172,null,Anthony Dixon,RB,FA,RB,FA,null,0,null,null,null,109,null,null,0,null,null,null,0,0,3.3019,null
497174,null,Jonathan Dwyer,RB,FA,RB,FA,null,0,null,null,null,109,null,null,0,null,null,null,0,0,null,null
497176,null,Toby Gerhart,RB,FA,RB,FA,null,0,null,null,null,109,null,null,0,null,null,null,0,0,3.3019,null
497188,null,Ryan Mathews,RB,PHI,RB,PHI,null,6.1782,null,null,null,45,null,null,0.7513,null,null,null,8.3265,3.8052,6.6273,null
497190,null,Dexter McCluster,RB,SD,RB,SD,null,0,null,null,null,109,null,null,0,null,null,null,0,0,3.3019,null
497204,null,C.J. Spiller,RB,NYJ,RB,NYJ,null,0.7932,null,null,null,87,null,null,0.0245,null,null,null,1.9697,0,7.5715,null
497206,null,James Starks,RB,GB,RB,GB,null,5.4708,null,null,null,46,null,null,0.1132,null,null,null,8.0885,1.9373,9.2967,null
497218,null,Trindon Holliday,WR,FA,WR,FA,null,0,null,null,null,158,null,null,0,null,null,null,0,0,null,null
497224,null,Ed Dickson,TE,CAR,TE,CAR,null,2.8865,null,null,null,42,null,null,0.0261,null,null,null,3.5732,1.87,5.3585,null
497226,null,Jim Dray,TE,FA,TE,FA,null,0,null,null,null,92,null,null,0,null,null,null,0,0,3.0126,null
497234,null,Garrett Graham,TE,DEN,TE,DEN,null,0.0045,null,null,null,91,null,null,0.0045,null,null,null,0.0068,0,3.0263,null
497236,null,Jimmy Graham,TE,SEA,TE,SEA,null,13.7534,null,null,null,6,null,null,0.5943,null,null,null,16.6123,9.35,8.0634,null
497238,null,Jermaine Gresham,TE,ARI,TE,ARI,null,5.2457,null,null,null,29,null,null,0.6198,null,null,null,7.8315,2.26,7.5594,null
497240,null,Rob Gronkowski,TE,NE,TE,NE,null,16.4277,null,null,null,2,null,null,2.3443,null,null,null,18.9845,13.57,5.5861,null
497246,null,Michael Hoomanawanui,TE,NO,TE,NO,null,0,null,null,null,92,null,null,0,null,null,null,0,0,3.0126,null
497250,null,Anthony McCoy,TE,FA,TE,FA,null,0,null,null,null,92,null,null,0,null,null,null,0,0,3.0126,null
497254,null,Dennis Pitta,TE,BAL,TE,BAL,null,10.4903,null,null,null,13,null,null,0.7281,null,null,null,12.1326,8.5,6.1131,null
497256,null,Tony Moeaki,TE,FA,TE,FA,null,0,null,null,null,92,null,null,0,null,null,null,0,0,3.0126,null
497258,null,Andrew Quarless,TE,FA,TE,FA,null,0,null,null,null,92,null,null,0,null,null,null,0,0,null,null
497260,null,Seyi Ajirotutu,WR,PHI,WR,PHI,null,0,null,null,null,158,null,null,0,null,null,null,0,0,null,null
497270,null,Arrelious Benn,WR,JAC,WR,JAC,null,1.3129,null,null,null,117,null,null,0.0452,null,null,null,2.1419,0.43,6.957,null
497278,null,Dez Bryant,WR,DAL,WR,DAL,null,14.335,null,null,null,20,null,null,0.0698,null,null,null,16.6089,9.71,null,null
497282,null,Riley Cooper,WR,FA,WR,FA,null,0,null,null,null,158,null,null,0,null,null,null,0,0,null,null
497284,null,Eric Decker,WR,NYJ,WR,NYJ,null,0,null,null,null,158,null,null,0,null,null,null,0,0,null,null
497288,null,Jacoby Ford,WR,FA,WR,FA,null,0,null,null,null,158,null,null,0,null,null,null,0,0,null,null
497302,null,Brandon LaFell,WR,CIN,WR,CIN,null,9.1217,null,null,null,51,null,null,0.2506,null,null,null,11.708,7.0124,4.8745,null
497312,null,Preston Parker,WR,FA,WR,FA,null,0,null,null,null,158,null,null,0,null,null,null,0,0,null,null
497322,null,Emmanuel Sanders,WR,DEN,WR,DEN,null,16.3195,null,null,null,10,null,null,0.6742,null,null,null,17.8292,13.72,2.7149,null
497328,null,Demaryius Thomas,WR,DEN,WR,DEN,null,16.4758,null,null,null,8,null,null,0.1246,null,null,null,18.6041,11.8269,2.175,null
1037347,null,Joe Webb,QB,CAR,QB,CAR,null,0.1104,null,null,null,54,null,null,0.0005,null,null,null,0.2426,0,4.0241,null
1037366,null,Michael Palmer,TE,FA,TE,FA,null,0,null,null,null,92,null,null,0,null,null,null,0,0,null,null
1037847,null,Deji Karim,RB,FA,RB,FA,null,0,null,null,null,109,null,null,0,null,null,null,0,0,null,null
1037885,null,Marc Mariani,WR,TEN,WR,TEN,null,0.48,null,null,null,137,null,null,0.0529,null,null,null,1.0294,0,null,null
2495143,null,Andy Dalton,QB,CIN,QB,CIN,null,17.0966,null,null,null,14,null,null,0.444,null,null,null,18.5118,13.54,6.8586,null
2495158,null,Leonard Hankerson,WR,FA,WR,FA,null,0,null,null,null,158,null,null,0,null,null,null,0,0,null,null
2495159,null,Dwayne Harris,WR,NYG,WR,NYG,null,1.2417,null,null,null,119,null,null,0.0267,null,null,null,2.3672,0,8.2682,null
2495161,null,Roy Helu,RB,FA,RB,FA,null,0,null,null,null,109,null,null,0,null,null,null,0,0,3.3019,null
2495172,null,Kendall Hunter,RB,NO,RB,NO,null,0,null,null,null,109,null,null,0,null,null,null,0,0,3.3019,null
2495179,null,Jerrel Jernigan,WR,FA,WR,FA,null,0,null,null,null,158,null,null,0,null,null,null,0,0,null,null
2495181,null,Jerrod Johnson,QB,DAL,QB,DAL,null,0,null,null,null,66,null,null,0,null,null,null,0,0,3.6283,null
2495186,null,Colin Kaepernick,QB,SF,QB,SF,null,14.4777,null,null,null,24,null,null,1.2504,null,null,null,15.4428,8.22,7.8064,null
2495187,null,Lance Kendricks,TE,LA,TE,LA,null,9.151,null,null,null,17,null,null,0.9656,null,null,null,10.0588,7.3686,5.4344,null
2495189,null,Jeremy Kerley,WR,SF,WR,SF,null,8.1759,null,null,null,59,null,null,0.3876,null,null,null,9.3852,6.51,5.8,null
2495192,null,Greg Little,WR,FA,WR,FA,null,0,null,null,null,158,null,null,0,null,null,null,0,0,null,null
2495207,null,DeMarco Murray,RB,TEN,RB,TEN,null,17.7006,null,null,null,5,null,null,0.8875,null,null,null,20.4774,12.6669,11.2766,null
2495211,null,Niles Paul,TE,WAS,TE,WAS,null,0,null,null,null,92,null,null,0,null,null,null,0,0,3.0126,null
2495215,null,Christian Ponder,QB,SF,QB,SF,null,0,null,null,null,66,null,null,0,null,null,null,0,0,3.6283,null
2495234,null,Luke Stocker,TE,TB,TE,TB,null,0.6288,null,null,null,70,null,null,0.0186,null,null,null,0.8456,0.48,7.2317,null
2495241,null,Daniel Thomas,RB,FA,RB,FA,null,0,null,null,null,109,null,null,0,null,null,null,0,0,null,null
2495258,null,Matt Asiata,RB,MIN,RB,MIN,null,8.4323,null,null,null,36,null,null,0.1645,null,null,null,10.1414,6.4305,6.3834,null
2495267,null,Jordan Cameron,TE,MIA,TE,MIA,null,0,null,null,null,92,null,null,0,null,null,null,0,0,3.0126,null
2495288,null,Virgil Green,TE,DEN,TE,DEN,null,6.5041,null,null,null,26,null,null,0.6866,null,null,null,7.0041,4.8754,4.492,null
2495306,null,Ricardo Lockette,WR,FA,WR,FA,null,0,null,null,null,158,null,null,0,null,null,null,0,0,null,null
2495314,null,Bruce Miller,RB,FA,RB,FA,null,0,null,null,null,109,null,null,0,null,null,null,0,0,3.3019,null
2495328,null,Bilal Powell,RB,NYJ,RB,NYJ,null,9.2119,null,null,null,32,null,null,0.1642,null,null,null,10.5417,8.01,5.2652,null
2495331,null,Aldrick Robinson,WR,ATL,WR,ATL,null,1.3678,null,null,null,115,null,null,0.0474,null,null,null,2.0778,0.4262,8.6538,null
2495340,null,Anthony Sherman,RB,KC,RB,KC,null,0.7764,null,null,null,88,null,null,0.0275,null,null,null,1.1061,0.22,3.6463,null
2495341,null,Cecil Shorts,WR,TB,WR,TB,null,5.8507,null,null,null,81,null,null,0.3422,null,null,null,8.6035,0.9188,6.5713,null
2495353,null,Julius Thomas,TE,JAC,TE,JAC,null,7.5611,null,null,null,21,null,null,0.0875,null,null,null,8.1601,6.0854,4.7593,null
2495438,null,Kyle Rudolph,TE,MIN,TE,MIN,null,9.6239,null,null,null,15,null,null,0.3289,null,null,null,10.4251,7.5895,5.2513,null
2495441,null,Blaine Gabbert,QB,SF,QB,SF,null,1.4343,null,null,null,31,null,null,0.2935,null,null,null,2.8912,0.076,8.1553,null
2495443,null,Ryan Mallett,QB,BAL,QB,BAL,null,0.2782,null,null,null,44,null,null,0.0617,null,null,null,0.5012,0.1,4.0752,null
2495448,null,Randall Cobb,WR,GB,WR,GB,null,15.3031,null,null,null,13,null,null,0.2044,null,null,null,18.2809,10.83,4.0261,null
2495449,null,Tandon Doss,WR,FA,WR,FA,null,0,null,null,null,158,null,null,0,null,null,null,0,0,null,null
2495450,null,A.J. Green,WR,CIN,WR,CIN,null,20.353,null,null,null,3,null,null,1.2306,null,null,null,22.1439,18.8738,1.4808,null
2495454,null,Julio Jones,WR,ATL,WR,ATL,null,19.3148,null,null,null,4,null,null,1.333,null,null,null,22.0236,15.4282,1.018,null
2495455,null,Cam Newton,QB,CAR,QB,CAR,null,19.7875,null,null,null,2,null,null,1.1265,null,null,null,21.5137,15.52,6.5567,null
2495459,null,Torrey Smith,WR,SF,WR,SF,null,6.0132,null,null,null,77,null,null,0.065,null,null,null,7.2619,4.5031,null,null
2495461,null,Shaun Draughn,RB,SF,RB,SF,null,2.0727,null,null,null,71,null,null,0.11,null,null,null,4.5878,0,6.7032,null
2495466,null,Mark Ingram,RB,NO,RB,NO,null,13.7523,null,null,null,14,null,null,1.0442,null,null,null,16.0775,11.27,6.456,null
2495469,null,Dion Lewis,RB,NE,RB,NE,null,8.2011,null,null,null,38,null,null,0.101,null,null,null,9.871,2.4962,10.8905,null
2495470,null,Stevan Ridley,RB,ATL,RB,ATL,null,0.8075,null,null,null,86,null,null,0.0227,null,null,null,1.4492,0,4.8987,null
2495471,null,Jacquizz Rodgers,RB,TB,RB,TB,null,0,null,null,null,109,null,null,0,null,null,null,0,0,null,null
2495473,null,Shane Vereen,RB,NYG,RB,NYG,null,0,null,null,null,109,null,null,0,null,null,null,0,0,null,null
2495558,null,Dwayne Bowe,WR,FA,WR,FA,null,0,null,null,null,158,null,null,0,null,null,null,0,0,null,null
2495560,null,Ahmad Bradshaw,RB,FA,RB,FA,null,0,null,null,null,109,null,null,0,null,null,null,0,0,3.3019,null
2495573,null,Scott Chandler,TE,FA,TE,FA,null,0,null,null,null,92,null,null,0,null,null,null,0,0,3.0126,null
2495620,null,Clark Harris,TE,CIN,TE,CIN,null,0,null,null,null,92,null,null,0,null,null,null,0,0,null,null
2495651,null,Jacoby Jones,WR,FA,WR,FA,null,0,null,null,null,158,null,null,0,null,null,null,0,0,null,null
2495660,null,Brian Leonard,RB,FA,RB,FA,null,0,null,null,null,109,null,null,0,null,null,null,0,0,null,null
2495663,null,Marshawn Lynch,RB,FA,RB,FA,null,0,null,null,null,109,null,null,0,null,null,null,0,0,3.3019,null
2495700,null,Greg Olsen,TE,CAR,TE,CAR,null,14.1807,null,null,null,3,null,null,0.2466,null,null,null,15.7332,12.5,5.6321,null
2495748,null,Drew Stanton,QB,ARI,QB,ARI,null,0.1624,null,null,null,50,null,null,0.0113,null,null,null,0.3609,0.076,4.0798,null
2495801,null,Miles Austin,WR,FA,WR,FA,null,0,null,null,null,158,null,null,0,null,null,null,0,0,null,null
2495802,null,Jason Avant,WR,KC,WR,KC,null,0,null,null,null,158,null,null,0,null,null,null,0,0,null,null
2495821,null,Marques Colston,WR,FA,WR,FA,null,0,null,null,null,158,null,null,0,null,null,null,0,0,null,null
2495824,null,Jay Cutler,QB,CHI,QB,CHI,null,16.3729,null,null,null,17,null,null,0.5314,null,null,null,17.6165,12.12,7.6859,null
2495825,null,Owen Daniels,TE,FA,TE,FA,null,0,null,null,null,92,null,null,0,null,null,null,0,0,3.0126,null
2495826,null,Vernon Davis,TE,WAS,TE,WAS,null,6.8135,null,null,null,25,null,null,0.4766,null,null,null,9.0657,2.64,7.0559,null
2495835,null,Anthony Fasano,TE,TEN,TE,TEN,null,1.8948,null,null,null,54,null,null,0.1303,null,null,null,2.7778,0.76,5.178,null
2495838,null,Bruce Gradkowski,QB,PIT,QB,PIT,null,0.0108,null,null,null,63,null,null,0.0031,null,null,null,0.0162,0,3.6548,null
2495843,null,Derek Hagan,WR,FA,WR,FA,null,0,null,null,null,158,null,null,0,null,null,null,0,0,null,null
2495863,null,Tarvaris Jackson,QB,FA,QB,FA,null,0,null,null,null,66,null,null,0,null,null,null,0,0,3.6283,null
2495867,null,Greg Jennings,WR,FA,WR,FA,null,0,null,null,null,158,null,null,0,null,null,null,0,0,null,null
2495888,null,Marcedes Lewis,TE,JAC,TE,JAC,null,4.625,null,null,null,31,null,null,0.1345,null,null,null,6.6683,2.61,7.7175,null
2495893,null,Brandon Marshall,WR,NYJ,WR,NYJ,null,15.0681,null,null,null,15,null,null,0.2073,null,null,null,16.656,11.8181,4.1803,null
2495966,null,Delanie Walker,TE,TEN,TE,TEN,null,13.9862,null,null,null,4,null,null,0.1686,null,null,null,17.428,11.42,7.0377,null
2495974,null,Charlie Whitehurst,QB,FA,QB,FA,null,0,null,null,null,66,null,null,0,null,null,null,0,0,3.6283,null
2495979,null,DeAngelo Williams,RB,PIT,RB,PIT,null,0,null,null,null,109,null,null,0,null,null,null,0,0,3.3019,null
2499248,null,Kris Durham,WR,FA,WR,FA,null,0,null,null,null,158,null,null,0,null,null,null,0,0,null,null
2499255,null,Richard Gordon,TE,BAL,TE,BAL,null,0,null,null,null,92,null,null,0,null,null,null,0,0,3.0126,null
2499277,null,David Ausberry,TE,FA,TE,FA,null,0,null,null,null,92,null,null,0,null,null,null,0,0,null,null
2504211,null,Tom Brady,QB,NE,QB,NE,null,18.0298,null,null,null,7,null,null,0.4814,null,null,null,20.1416,13.84,4.1785,null
2504531,null,Michael Vick,QB,FA,QB,FA,null,0,null,null,null,66,null,null,0,null,null,null,0,0,null,null
2504595,null,Steve Smith,WR,BAL,WR,BAL,null,14.4197,null,null,null,19,null,null,0.1067,null,null,null,18.2519,11.74,5.1059,null
2504775,null,Drew Brees,QB,NO,QB,NO,null,17.1986,null,null,null,12,null,null,0.0882,null,null,null,18.2644,15.48,5.8557,null
2504833,null,Shaun Hill,QB,MIN,QB,MIN,null,0.2026,null,null,null,46,null,null,0.0111,null,null,null,0.2389,0,3.8539,null
2505076,null,Josh McCown,QB,CLE,QB,CLE,null,2.3402,null,null,null,30,null,null,0.9512,null,null,null,4.9505,0.096,11.5418,null
2505245,null,Carson Palmer,QB,ARI,QB,ARI,null,17.478,null,null,null,10,null,null,0.2225,null,null,null,20.0941,13.76,8.3087,null
2505299,null,Antonio Gates,TE,SD,TE,SD,null,12.8961,null,null,null,8,null,null,0.8336,null,null,null,15.3648,9.36,6.6205,null
2505354,null,Tony Romo,QB,DAL,QB,DAL,null,0.8094,null,null,null,34,null,null,0.1011,null,null,null,1.1698,0,5.4279,null
2505551,null,Andre Johnson,WR,FA,WR,FA,null,0,null,null,null,158,null,null,0,null,null,null,0,0,null,null
2505629,null,Jason Witten,TE,DAL,TE,DAL,null,10.5143,null,null,null,12,null,null,0.3189,null,null,null,11.1385,9.2407,4.8462,null
2505790,null,Wes Welker,WR,LA,WR,LA,null,0.8237,null,null,null,128,null,null,0.0594,null,null,null,1.801,0,null,null
2505936,null,Steven Jackson,RB,NE,RB,NE,null,0,null,null,null,109,null,null,0,null,null,null,0,0,3.3019,null
2505982,null,Matt Schaub,QB,ATL,QB,ATL,null,0.037,null,null,null,62,null,null,0.0262,null,null,null,0.1557,-0.146,3.9026,null
2505996,null,Eli Manning,QB,NYG,QB,NYG,null,15.8477,null,null,null,18,null,null,0.4028,null,null,null,17.2083,12.24,8.4631,null
2506004,null,Jerricho Cotchery,WR,FA,WR,FA,null,0,null,null,null,158,null,null,0,null,null,null,0,0,null,null
2506053,null,Luke McCown,QB,NO,QB,NO,null,0.1147,null,null,null,53,null,null,0.0045,null,null,null,0.2281,0.004,3.8972,null
2506106,null,Larry Fitzgerald,WR,ARI,WR,ARI,null,16.9216,null,null,null,7,null,null,0.4923,null,null,null,18.9342,12.8862,2.4835,null
2506109,null,Ben Roethlisberger,QB,PIT,QB,PIT,null,17.5628,null,null,null,8,null,null,0.0567,null,null,null,18.7759,14.66,6.6872,null
2506121,null,Philip Rivers,QB,SD,QB,SD,null,18.3534,null,null,null,5,null,null,0.2979,null,null,null,19.9328,16.69,6.2528,null
2506122,null,Benjamin Watson,TE,BAL,TE,BAL,null,0,null,null,null,92,null,null,0,null,null,null,0,0,null,null
2506147,null,John Kuhn,RB,NO,RB,NO,null,3.1581,null,null,null,59,null,null,0.1152,null,null,null,4.1478,1.4012,6.1898,null
2506222,null,Josh Cribbs,WR,FA,WR,FA,null,0,null,null,null,158,null,null,0,null,null,null,0,0,null,null
2506287,null,Lance Moore,WR,FA,WR,FA,null,0,null,null,null,158,null,null,0,null,null,null,0,0,null,null
2506313,null,Nate Washington,WR,FA,WR,FA,null,0,null,null,null,158,null,null,0,null,null,null,0,0,null,null
2506340,null,Alex Smith,QB,KC,QB,KC,null,15.0546,null,null,null,20,null,null,0.1079,null,null,null,17.1387,12.84,6.0468,null
2506341,null,Ronnie Brown,RB,FA,RB,FA,null,0,null,null,null,109,null,null,0,null,null,null,0,0,null,null
2506363,null,Aaron Rodgers,QB,GB,QB,GB,null,20.7907,null,null,null,1,null,null,1.481,null,null,null,22.8913,16.38,5.2349,null
2506366,null,Roddy White,WR,FA,WR,FA,null,0,null,null,null,158,null,null,0,null,null,null,0,0,null,null
2506400,null,Vincent Jackson,WR,TB,WR,TB,null,0,null,null,null,158,null,null,0,null,null,null,0,0,null,null
2506467,null,Darren Sproles,RB,PHI,RB,PHI,null,15.7134,null,null,null,9,null,null,0.3673,null,null,null,18.9297,12.92,6.4472,null
2506546,null,Derek Anderson,QB,CAR,QB,CAR,null,0.4405,null,null,null,40,null,null,0.0473,null,null,null,0.8129,0.084,4.6229,null
2506562,null,Matt Cassel,QB,TEN,QB,TEN,null,0.604,null,null,null,37,null,null,0.0452,null,null,null,1.132,0.082,5.1137,null
2506581,null,Ryan Fitzpatrick,QB,NYJ,QB,NYJ,null,9.9641,null,null,null,28,null,null,5.3892,null,null,null,14.0384,1.254,15.1517,null
2506619,null,Daniel Fells,TE,NYG,TE,NYG,null,0.5443,null,null,null,73,null,null,0.0394,null,null,null,0.9064,0,4.5389,null
2506871,null,Fred Jackson,RB,FA,RB,FA,null,0,null,null,null,109,null,null,0,null,null,null,0,0,3.3019,null
2506885,null,Santonio Holmes,WR,FA,WR,FA,null,0,null,null,null,158,null,null,0,null,null,null,0,0,null,null
2506895,null,Kellen Clemens,QB,SD,QB,SD,null,0.1029,null,null,null,57,null,null,0.026,null,null,null,0.2298,-0.02,3.9181,null
2506897,null,Devin Hester,WR,BAL,WR,BAL,null,0.5904,null,null,null,134,null,null,0.0257,null,null,null,0.633,0.51,null,null
2507029,null,Eric Weems,WR,ATL,WR,ATL,null,0.0719,null,null,null,156,null,null,0.0601,null,null,null,0.1437,0,null,null
2507141,null,Pierre Thomas,RB,FA,RB,FA,null,0,null,null,null,109,null,null,0,null,null,null,0,0,null,null
2507164,null,Adrian Peterson,RB,MIN,RB,MIN,null,0,null,null,null,109,null,null,0,null,null,null,0,0,3.3019,null
2507166,null,Ted Ginn,WR,CAR,WR,CAR,null,7.3428,null,null,null,69,null,null,0.0355,null,null,null,8.7264,4.0794,5.3373,null
2507170,null,Zach Miller,TE,FA,TE,FA,null,0,null,null,null,92,null,null,0,null,null,null,0,0,null,null
2507182,null,Matt Spaeth,TE,FA,TE,FA,null,0,null,null,null,92,null,null,0,null,null,null,0,0,null,null
2507183,null,James Jones,WR,FA,WR,FA,null,0,null,null,null,158,null,null,0,null,null,null,0,0,null,null
2507218,null,Brent Celek,TE,PHI,TE,PHI,null,1.4441,null,null,null,59,null,null,0.4512,null,null,null,2.0594,0.92,5.26,null
2507237,null,Jordan Palmer,QB,FA,QB,FA,null,0,null,null,null,66,null,null,0,null,null,null,0,0,null,null
2507278,null,Jackie Battle,RB,FA,RB,FA,null,0,null,null,null,109,null,null,0,null,null,null,0,0,null,null
2507282,null,Matt Moore,QB,MIA,QB,MIA,null,0.0567,null,null,null,61,null,null,0.0328,null,null,null,0.106,0.008,3.7375,null
2507428,null,Mike Tolbert,RB,CAR,RB,CAR,null,2.8651,null,null,null,64,null,null,0.3033,null,null,null,3.5904,1.6906,5.1933,null
2507486,null,Kellen Davis,TE,NYJ,TE,NYJ,null,0.09,null,null,null,90,null,null,0.0877,null,null,null,0.1499,0,3.2648,null
2507737,null,Darrel Young,RB,FA,RB,FA,null,0,null,null,null,109,null,null,0,null,null,null,0,0,null,null
2507763,null,Mike Wallace,WR,BAL,WR,BAL,null,13.2155,null,null,null,29,null,null,0.6283,null,null,null,16.0576,9.0232,4.7973,null
2507779,null,Donald Brown,RB,FA,RB,FA,null,0,null,null,null,109,null,null,0,null,null,null,0,0,3.3019,null
2507828,null,Logan Paulsen,TE,CHI,TE,CHI,null,0.601,null,null,null,72,null,null,0.0741,null,null,null,0.7854,0.45,3.6271,null
2507855,null,Victor Cruz,WR,NYG,WR,NYG,null,5.9236,null,null,null,80,null,null,0.1611,null,null,null,8.8018,-0.0627,null,null
2507883,null,Jeff Cumberland,TE,SD,TE,SD,null,0,null,null,null,92,null,null,0,null,null,null,0,0,3.0126,null
2507884,null,David Nelson,WR,PIT,WR,PIT,null,0,null,null,null,158,null,null,0,null,null,null,0,0,null,null
2507902,null,Marlon Moore,WR,FA,WR,FA,null,0,null,null,null,158,null,null,0,null,null,null,0,0,null,null
2507999,null,Chris Ivory,RB,JAC,RB,JAC,null,9.3411,null,null,null,31,null,null,0.159,null,null,null,11.7338,6.23,6.4613,null
2508048,null,Mike Williams,WR,FA,WR,FA,null,0,null,null,null,158,null,null,0,null,null,null,0,0,null,null
2508051,null,John Conner,RB,FA,RB,FA,null,0,null,null,null,109,null,null,0,null,null,null,0,0,null,null
2508061,null,Antonio Brown,WR,PIT,WR,PIT,null,22.6931,null,null,null,1,null,null,1.9295,null,null,null,24.3516,20.9202,0.9409,null
2508096,null,Tyler Clutts,RB,FA,RB,FA,null,0,null,null,null,109,null,null,0,null,null,null,0,0,3.3019,null
2508097,null,Andrew Hawkins,WR,CLE,WR,CLE,null,5.0752,null,null,null,86,null,null,0.1568,null,null,null,6.0864,3.0492,7.7283,null
2508101,null,James Develin,RB,NE,RB,NE,null,0.1364,null,null,null,105,null,null,0.046,null,null,null,0.2279,0,3.5754,null
2508112,null,Rob Housler,TE,FA,TE,FA,null,0,null,null,null,92,null,null,0,null,null,null,0,0,3.0126,null
2508115,null,Vincent Brown,WR,FA,WR,FA,null,0,null,null,null,158,null,null,0,null,null,null,0,0,null,null
2508123,null,T.J. Yates,QB,HOU,QB,HOU,null,0.0108,null,null,null,63,null,null,0.0085,null,null,null,0.0187,0,3.6613,null
2527672,null,Will Tukuafu,RB,SEA,RB,SEA,null,0,null,null,null,109,null,null,0,null,null,null,0,0,null,null
2528181,null,Bryan Walters,WR,JAC,WR,JAC,null,0,null,null,null,158,null,null,0,null,null,null,0,0,null,null
2530515,null,Chris Hogan,WR,NE,WR,NE,null,8.3033,null,null,null,57,null,null,0.0962,null,null,null,10.0734,6.7,null,null
2530516,null,Robert Hughes,RB,FA,RB,FA,null,0,null,null,null,109,null,null,0,null,null,null,0,0,3.3019,null
2530575,null,Drew Davis,WR,FA,WR,FA,null,0,null,null,null,158,null,null,0,null,null,null,0,0,null,null
2530598,null,Jeremy Ross,WR,FA,WR,FA,null,0,null,null,null,158,null,null,0,null,null,null,0,0,null,null
2530660,null,Kamar Aiken,WR,BAL,WR,BAL,null,4.81,null,null,null,89,null,null,0.6543,null,null,null,5.6481,3.64,7.8054,null
2530690,null,DuJuan Harris,RB,SF,RB,SF,null,8.3345,null,null,null,37,null,null,0.1526,null,null,null,10.1999,5.23,7.5108,null
2530699,null,Henry Hynoski,RB,FA,RB,FA,null,0,null,null,null,109,null,null,0,null,null,null,0,0,null,null
2530700,null,Dontrelle Inman,WR,SD,WR,SD,null,10.8178,null,null,null,41,null,null,0.6057,null,null,null,12.3195,9.5,4.7973,null
2530747,null,Doug Baldwin,WR,SEA,WR,SEA,null,14.5146,null,null,null,18,null,null,0.1373,null,null,null,16.3884,11.4457,3.4862,null
2530763,null,Patrick DiMarco,RB,ATL,RB,ATL,null,1.1553,null,null,null,77,null,null,0.028,null,null,null,1.8191,0.38,5.0532,null
2531049,null,Chris Matthews,WR,BAL,WR,BAL,null,0,null,null,null,158,null,null,0,null,null,null,0,0,null,null
2531218,null,Chase Reynolds,RB,LA,RB,LA,null,0,null,null,null,109,null,null,0,null,null,null,0,0,3.3019,null
2531332,null,Terrelle Pryor,WR,CLE,WR,CLE,null,11.4,null,null,null,36,null,null,0.2025,null,null,null,11.4,11.4,null,null
2531332,null,Terrelle Pryor,QB,CLE,QB,CLE,null,0.42,null,null,null,41,null,null,0.0642,null,null,null,0.42,0.42,null,null
2532790,null,Travis Benjamin,WR,SD,WR,SD,null,0,null,null,null,158,null,null,0,null,null,null,0,0,null,null
2532797,null,Brandon Bolden,RB,NE,RB,NE,null,1.0988,null,null,null,81,null,null,0.1246,null,null,null,1.8966,0.3,5.0166,null
2532799,null,Jarrett Boykin,WR,FA,WR,FA,null,0,null,null,null,158,null,null,0,null,null,null,0,0,null,null
2532802,null,LaVon Brazill,WR,FA,WR,FA,null,0,null,null,null,158,null,null,0,null,null,null,0,0,null,null
2532807,null,Ryan Broyles,WR,FA,WR,FA,null,0,null,null,null,158,null,null,0,null,null,null,0,0,null,null
2532809,null,LaRon Byrd,WR,FA,WR,FA,null,0,null,null,null,158,null,null,0,null,null,null,0,0,null,null
2532820,null,Kirk Cousins,QB,WAS,QB,WAS,null,15.0406,null,null,null,21,null,null,0.3582,null,null,null,15.4114,13.86,5.7588,null
2532823,null,Juron Criner,WR,FA,WR,FA,null,0,null,null,null,158,null,null,0,null,null,null,0,0,null,null
2532835,null,Rhett Ellison,TE,MIN,TE,MIN,null,1.0517,null,null,null,60,null,null,0.1379,null,null,null,1.3365,0.6,3.8715,null
2532838,null,Coby Fleener,TE,NO,TE,NO,null,8.0602,null,null,null,19,null,null,0.2794,null,null,null,9.0838,6.64,5.2906,null
2532841,null,Michael Floyd,WR,ARI,WR,ARI,null,8.5334,null,null,null,55,null,null,0.1789,null,null,null,12.9832,2.0031,7.3426,null
2532842,null,Nick Foles,QB,KC,QB,KC,null,1.3437,null,null,null,32,null,null,0.4701,null,null,null,2.8097,0.096,7.6374,null
2532850,null,T.J. Graham,WR,FA,WR,FA,null,0,null,null,null,158,null,null,0,null,null,null,0,0,null,null
2532851,null,Cyrus Gray,RB,ATL,RB,ATL,null,0,null,null,null,109,null,null,0,null,null,null,0,0,3.3019,null
2532853,null,Ladarius Green,TE,PIT,TE,PIT,null,2.6213,null,null,null,46,null,null,0.2766,null,null,null,4.4764,0,8.2344,null
2532862,null,Junior Hemingway,WR,FA,WR,FA,null,0,null,null,null,158,null,null,0,null,null,null,0,0,null,null
2532864,null,Dan Herron,RB,FA,RB,FA,null,0,null,null,null,109,null,null,0,null,null,null,0,0,3.3019,null
2532876,null,A.J. Jenkins,WR,FA,WR,FA,null,0,null,null,null,158,null,null,0,null,null,null,0,0,null,null
2532887,null,Jermaine Kearse,WR,SEA,WR,SEA,null,7.6337,null,null,null,63,null,null,0.0239,null,null,null,8.4903,5.5031,8.4995,null
2532888,null,Case Keenum,QB,LA,QB,LA,null,13.0866,null,null,null,27,null,null,4.6997,null,null,null,13.8091,11.79,4.2889,null
2532894,null,Ryan Lindley,QB,FA,QB,FA,null,0,null,null,null,66,null,null,0,null,null,null,0,0,null,null
2532899,null,Doug Martin,RB,TB,RB,TB,null,8.9434,null,null,null,34,null,null,0.4745,null,null,null,12.9549,3.2005,11.584,null
2532900,null,Keshawn Martin,WR,FA,WR,FA,null,0.2497,null,null,null,146,null,null,0.0046,null,null,null,0.4232,0,null,null
2532903,null,Rishard Matthews,WR,TEN,WR,TEN,null,12.2014,null,null,null,31,null,null,0.3175,null,null,null,15.0801,8.8061,3.4862,null
2532917,null,Kellen Moore,QB,DAL,QB,DAL,null,0,null,null,null,66,null,null,0,null,null,null,0,0,3.6283,null
2532923,null,Chris Owusu,WR,NYJ,WR,NYJ,null,0,null,null,null,158,null,null,0,null,null,null,0,0,null,null
2532926,null,Isaiah Pead,RB,FA,RB,FA,null,0,null,null,null,109,null,null,0,null,null,null,0,0,3.3019,null
2532930,null,DeVier Posey,WR,FA,WR,FA,null,0,null,null,null,158,null,null,0,null,null,null,0,0,null,null
2532933,null,Brian Quick,WR,LA,WR,LA,null,7.6287,null,null,null,64,null,null,0.075,null,null,null,8.8046,5.99,5.2601,null
2532956,null,Ryan Tannehill,QB,MIA,QB,MIA,null,14.8527,null,null,null,22,null,null,0.3579,null,null,null,15.895,13.1627,4.6382,null
2532960,null,Nick Toon,WR,FA,WR,FA,null,0,null,null,null,158,null,null,0,null,null,null,0,0,null,null
2532970,null,Brandon Weeden,QB,HOU,QB,HOU,null,0,null,null,null,66,null,null,0,null,null,null,0,0,3.6283,null
2532975,null,Russell Wilson,QB,SEA,QB,SEA,null,17.1243,null,null,null,13,null,null,0.1349,null,null,null,18.8067,14.7,7.5274,null
2532977,null,Kendall Wright,WR,TEN,WR,TEN,null,8.6761,null,null,null,54,null,null,0.2066,null,null,null,9.668,7.47,4.2574,null
2532978,null,Jarius Wright,WR,MIN,WR,MIN,null,1.62,null,null,null,111,null,null,0.0204,null,null,null,2.5917,0,null,null
2533012,null,Vick Ballard,RB,FA,RB,FA,null,0,null,null,null,109,null,null,0,null,null,null,0,0,3.3019,null
2533028,null,James Hanna,TE,DAL,TE,DAL,null,0.8861,null,null,null,63,null,null,0.0479,null,null,null,1.4355,0,5.5451,null
2533030,null,Jonas Gray,RB,FA,RB,FA,null,0,null,null,null,109,null,null,0,null,null,null,0,0,3.3019,null
2533032,null,Trent Richardson,RB,FA,RB,FA,null,0,null,null,null,109,null,null,0,null,null,null,0,0,3.3019,null
2533033,null,Robert Griffin,QB,CLE,QB,CLE,null,0,null,null,null,66,null,null,0,null,null,null,0,0,3.6283,null
2533034,null,Lamar Miller,RB,HOU,RB,HOU,null,15.5707,null,null,null,10,null,null,0.7229,null,null,null,17.7894,12.73,4.7837,null
2533036,null,LaMichael James,RB,FA,RB,FA,null,0,null,null,null,109,null,null,0,null,null,null,0,0,null,null
2533037,null,Chris Polk,RB,HOU,RB,HOU,null,0,null,null,null,109,null,null,0,null,null,null,0,0,3.3019,null
2533038,null,Justin Blackmon,WR,JAC,WR,JAC,null,0,null,null,null,158,null,null,0,null,null,null,0,0,null,null
2533039,null,Alshon Jeffery,WR,CHI,WR,CHI,null,16.3829,null,null,null,9,null,null,0.3586,null,null,null,18.3759,11.8162,2.0978,null
2533040,null,Mohamed Sanu,WR,ATL,WR,ATL,null,11.6975,null,null,null,33,null,null,0.1868,null,null,null,13.8356,8.2709,3.2548,null
2533349,null,Austin Davis,QB,DEN,QB,DEN,null,0,null,null,null,66,null,null,0,null,null,null,0,0,3.6283,null
2533353,null,Cory Harkey,TE,LA,TE,LA,null,0.1584,null,null,null,86,null,null,0.0035,null,null,null,0.2733,0,3.3995,null
2533436,null,Brock Osweiler,QB,HOU,QB,HOU,null,13.2822,null,null,null,25,null,null,0.1527,null,null,null,14.7511,11.66,4.5298,null
2533437,null,Ronnie Hillman,RB,MIN,RB,MIN,null,6.277,null,null,null,44,null,null,0.4525,null,null,null,8.8194,4.46,6.6629,null
2533457,null,Alfred Morris,RB,DAL,RB,DAL,null,4.2733,null,null,null,52,null,null,0.1413,null,null,null,6.0349,1.4679,5.7968,null
2533533,null,Rueben Randle,WR,FA,WR,FA,null,0,null,null,null,158,null,null,0,null,null,null,0,0,null,null
2533537,null,Stephen Hill,WR,FA,WR,FA,null,0,null,null,null,158,null,null,0,null,null,null,0,0,null,null
2533540,null,Edwin Baker,RB,FA,RB,FA,null,0,null,null,null,109,null,null,0,null,null,null,0,0,null,null
2533545,null,Bernard Pierce,RB,FA,RB,FA,null,0,null,null,null,109,null,null,0,null,null,null,0,0,3.3019,null
2534241,null,Derek Carrier,TE,WAS,TE,WAS,null,1.8641,null,null,null,55,null,null,0.2503,null,null,null,3.263,0,8.0803,null
2534244,null,Chase Ford,TE,FA,TE,FA,null,0,null,null,null,92,null,null,0,null,null,null,0,0,3.0126,null
2534436,null,Deonte Thompson,WR,CHI,WR,CHI,null,0.6858,null,null,null,131,null,null,0.0526,null,null,null,0.9064,0.37,5.5686,null
2534437,null,Austin Johnson,RB,FA,RB,FA,null,0,null,null,null,109,null,null,0,null,null,null,0,0,3.3019,null
2534571,null,Bobby Rainey,RB,NYG,RB,NYG,null,2.065,null,null,null,72,null,null,0.327,null,null,null,3.0782,0.9,4.6723,null
2534752,null,Adrien Robinson,TE,FA,TE,FA,null,0,null,null,null,92,null,null,0,null,null,null,0,0,null,null
2534770,null,Jonathan Grimes,RB,HOU,RB,HOU,null,2.0764,null,null,null,70,null,null,0.0075,null,null,null,2.9387,0.39,6.1083,null
2534789,null,Daryl Richardson,RB,FA,RB,FA,null,0,null,null,null,109,null,null,0,null,null,null,0,0,3.3019,null
2534796,null,Bryce Brown,RB,FA,RB,FA,null,0,null,null,null,109,null,null,0,null,null,null,0,0,3.3019,null
2534820,null,Garrett Celek,TE,SF,TE,SF,null,4.4261,null,null,null,33,null,null,0.5832,null,null,null,4.9185,3.5453,4.3871,null
2534870,null,Alex Tanney,QB,FA,QB,FA,null,0,null,null,null,66,null,null,0,null,null,null,0,0,3.6283,null
2534871,null,Derrick Coleman,RB,FA,RB,FA,null,0,null,null,null,109,null,null,0,null,null,null,0,0,null,null
2534889,null,Matt Simms,QB,FA,QB,FA,null,0,null,null,null,66,null,null,0,null,null,null,0,0,3.6283,null
2535522,null,Brian Tyms,WR,FA,WR,FA,null,0,null,null,null,158,null,null,0,null,null,null,0,0,null,null
2535535,null,Phillip Supernaw,TE,TEN,TE,TEN,null,0.7756,null,null,null,67,null,null,0.0525,null,null,null,1.2896,0.0238,10.0205,null
2535634,null,Chris Givens,WR,FA,WR,FA,null,0,null,null,null,158,null,null,0,null,null,null,0,0,null,null
2535681,null,Nathan Palmer,WR,FA,WR,FA,null,0,null,null,null,158,null,null,0,null,null,null,0,0,null,null
2535696,null,Joe Banyard,RB,JAC,RB,JAC,null,0,null,null,null,109,null,null,0,null,null,null,0,0,3.3019,null
2535698,null,Cole Beasley,WR,DAL,WR,DAL,null,13.3011,null,null,null,28,null,null,0.2068,null,null,null,16.0474,10.15,4.4888,null
2535708,null,Lance Dunbar,RB,DAL,RB,DAL,null,2.8678,null,null,null,63,null,null,0.1307,null,null,null,3.7621,1.2079,5.0373,null
2535716,null,Saalim Hakim,WR,FA,WR,FA,null,0,null,null,null,158,null,null,0,null,null,null,0,0,null,null
2535724,null,Dominique Jones,TE,MIA,TE,MIA,null,3.4984,null,null,null,35,null,null,0.054,null,null,null,4.8569,1.8,7.4015,null
2535869,null,Rod Streater,WR,SF,WR,SF,null,1.7553,null,null,null,109,null,null,0.0811,null,null,null,2.9541,0.46,8.6538,null
2535876,null,Griff Whalen,WR,SD,WR,SD,null,5.3428,null,null,null,83,null,null,0.0355,null,null,null,9.4837,0.4,8.8852,null
2535882,null,Mike Brown,WR,FA,WR,FA,null,0,null,null,null,158,null,null,0,null,null,null,0,0,null,null
2535890,null,Travaris Cadet,RB,NO,RB,NO,null,2.998,null,null,null,61,null,null,0.1155,null,null,null,3.7979,0.85,6.6356,null
2535943,null,Sean McGrath,TE,SD,TE,SD,null,0.2526,null,null,null,80,null,null,0.0476,null,null,null,0.4148,0,3.505,null
2535964,null,Josh Bellamy,WR,CHI,WR,CHI,null,2.2854,null,null,null,103,null,null,0.029,null,null,null,3.5348,0.85,3.4862,null
2535966,null,Brenton Bersin,WR,CAR,WR,CAR,null,0.4572,null,null,null,138,null,null,0.0674,null,null,null,0.6837,0,null,null
2535988,null,Brittan Golden,WR,ARI,WR,ARI,null,0.8361,null,null,null,127,null,null,0.018,null,null,null,1.0985,0.54,2.5606,null
2536006,null,Matt Blanchard,QB,FA,QB,FA,null,0,null,null,null,66,null,null,0,null,null,null,0,0,null,null
2536031,null,Damaris Johnson,WR,FA,WR,FA,null,0,null,null,null,158,null,null,0,null,null,null,0,0,null,null
2536071,null,Cooper Helfet,TE,FA,TE,FA,null,0,null,null,null,92,null,null,0,null,null,null,0,0,3.0126,null
2536342,null,Brandon Bostick,TE,NYJ,TE,NYJ,null,0.3737,null,null,null,77,null,null,0.098,null,null,null,0.6063,0.01,4.7032,null
2536532,null,Jorvorskie Lane,RB,FA,RB,FA,null,0,null,null,null,109,null,null,0,null,null,null,0,0,null,null
2537931,null,Josh Gordon,WR,CLE,WR,CLE,null,0,null,null,null,158,null,null,0,null,null,null,0,0,null,null
2537933,null,Larry Donnell,TE,NYG,TE,NYG,null,3.4968,null,null,null,36,null,null,0.1458,null,null,null,6.6408,0.44,10.4201,null
2539197,null,Michael Williams,TE,FA,TE,FA,null,0,null,null,null,92,null,null,0,null,null,null,0,0,null,null
2539199,null,Cameron Marshall,RB,FA,RB,FA,null,0,null,null,null,109,null,null,0,null,null,null,0,0,null,null
2539203,null,Cobi Hamilton,WR,PIT,WR,PIT,null,1.7865,null,null,null,107,null,null,0.0167,null,null,null,2.0721,1.14,6.6484,null
2539205,null,Terrance Williams,WR,DAL,WR,DAL,null,7.5168,null,null,null,66,null,null,0.0903,null,null,null,8.6345,4.9373,5.3373,null
2539208,null,Chris Pantale,TE,FA,TE,FA,null,0,null,null,null,92,null,null,0,null,null,null,0,0,null,null
2539214,null,Kenbrell Thompkins,WR,FA,WR,FA,null,0,null,null,null,158,null,null,0,null,null,null,0,0,null,null
2539217,null,Andre Ellington,RB,ARI,RB,ARI,null,5.3831,null,null,null,47,null,null,0.2484,null,null,null,7.016,3.4679,6.1514,null
2539235,null,Tavarres King,WR,NYG,WR,NYG,null,0,null,null,null,158,null,null,0,null,null,null,0,0,null,null
2539246,null,Chris Harper,WR,FA,WR,FA,null,0,null,null,null,158,null,null,0,null,null,null,0,0,null,null
2539250,null,Quinton Patton,WR,SF,WR,SF,null,8.4055,null,null,null,56,null,null,0.1347,null,null,null,10.8529,5.87,7.1883,null
2539256,null,Aaron Dobson,WR,FA,WR,FA,null,0,null,null,null,158,null,null,0,null,null,null,0,0,null,null
2539258,null,Zac Dysert,QB,FA,QB,FA,null,0,null,null,null,66,null,null,0,null,null,null,0,0,3.6283,null
2539260,null,Denard Robinson,RB,JAC,RB,JAC,null,0.7369,null,null,null,90,null,null,0.0379,null,null,null,1.3064,0,4.7325,null
2539265,null,Rex Burkhead,RB,CIN,RB,CIN,null,0.4266,null,null,null,96,null,null,0.0571,null,null,null,0.8546,0.09,7.4179,null
2539275,null,Mike Glennon,QB,TB,QB,TB,null,0.5443,null,null,null,39,null,null,0.1141,null,null,null,1.0131,0.088,4.9408,null
2539283,null,Jake Stoneburner,TE,FA,TE,FA,null,0,null,null,null,92,null,null,0,null,null,null,0,0,null,null
2539287,null,Landry Jones,QB,PIT,QB,PIT,null,0.2305,null,null,null,45,null,null,0.0329,null,null,null,0.3486,0.052,3.9067,null
2539289,null,Kenjon Barner,RB,PHI,RB,PHI,null,2.1646,null,null,null,68,null,null,0.0673,null,null,null,2.7485,1.35,5.6715,null
2539291,null,Markus Wheaton,WR,PIT,WR,PIT,null,0,null,null,null,158,null,null,0,null,null,null,0,0,null,null
2539303,null,Zach Line,RB,MIN,RB,MIN,null,0.3971,null,null,null,97,null,null,0.0818,null,null,null,0.5008,0.1066,3.738,null
2539308,null,Matt Barkley,QB,CHI,QB,CHI,null,0.1905,null,null,null,48,null,null,0.0176,null,null,null,0.4378,0.024,4.0847,null
2539312,null,Brad Sorensen,QB,MIN,QB,MIN,null,0,null,null,null,66,null,null,0,null,null,null,0,0,null,null
2539315,null,Stepfan Taylor,RB,ARI,RB,ARI,null,0.933,null,null,null,84,null,null,0.0721,null,null,null,1.3955,0.3,5.3552,null
2539322,null,Christine Michael,RB,SEA,RB,SEA,null,7.6442,null,null,null,41,null,null,0.7728,null,null,null,8.6304,4.4,6.7636,null
2539327,null,Joseph Fauria,TE,FA,TE,FA,null,0,null,null,null,92,null,null,0,null,null,null,0,0,null,null
2539335,null,Geno Smith,QB,NYJ,QB,NYJ,null,0,null,null,null,66,null,null,0,null,null,null,0,0,null,null
2539336,null,Tavon Austin,WR,LA,WR,LA,null,11.0604,null,null,null,39,null,null,0.2276,null,null,null,12.4355,9.6592,4.4888,null
2539341,null,Montee Ball,RB,FA,RB,FA,null,0,null,null,null,109,null,null,0,null,null,null,0,0,3.3019,null
2539645,null,Brandon Williams,TE,SEA,TE,SEA,null,0.1565,null,null,null,87,null,null,0.0032,null,null,null,0.2534,0,3.371,null
2539674,null,Rodney Smith,WR,FA,WR,FA,null,0,null,null,null,158,null,null,0,null,null,null,0,0,null,null
2539961,null,Ryan Nassib,QB,NYG,QB,NYG,null,0.1624,null,null,null,51,null,null,0.0352,null,null,null,0.3204,0.02,4.0109,null
2539980,null,Kerwynn Williams,RB,ARI,RB,ARI,null,0.342,null,null,null,98,null,null,0.0893,null,null,null,0.7532,0,4.6144,null
2540005,null,Marlon Brown,WR,FA,WR,FA,null,0,null,null,null,158,null,null,0,null,null,null,0,0,null,null
2540011,null,Chris Thompson,RB,WAS,RB,WAS,null,9.1522,null,null,null,33,null,null,0.4277,null,null,null,11.7937,6.57,7.0863,null
2540037,null,Fozzy Whittaker,RB,CAR,RB,CAR,null,4.6895,null,null,null,51,null,null,0.4728,null,null,null,5.6704,3.37,5.1082,null
2540145,null,Cordarrelle Patterson,WR,MIN,WR,MIN,null,6.8367,null,null,null,74,null,null,0.5274,null,null,null,8.1251,3.8,4.2574,null
2540148,null,Tyler Eifert,TE,CIN,TE,CIN,null,13.4221,null,null,null,7,null,null,0.5926,null,null,null,16.9954,10.62,7.2163,null
2540154,null,Keenan Allen,WR,SD,WR,SD,null,0,null,null,null,158,null,null,0,null,null,null,0,0,null,null
2540156,null,Giovani Bernard,RB,CIN,RB,CIN,null,12.5997,null,null,null,16,null,null,1.1247,null,null,null,14.2283,10.34,4.9868,null
2540157,null,Stedman Bailey,WR,LA,WR,LA,null,0,null,null,null,158,null,null,0,null,null,null,0,0,null,null
2540158,null,Zach Ertz,TE,PHI,TE,PHI,null,10.7205,null,null,null,11,null,null,0.2182,null,null,null,12.3408,8.5255,6.8363,null
2540160,null,Jordan Reed,TE,WAS,TE,WAS,null,16.7234,null,null,null,1,null,null,1.4192,null,null,null,19.0036,13.82,5.8822,null
2540165,null,DeAndre Hopkins,WR,HOU,WR,HOU,null,14.1046,null,null,null,23,null,null,0.0987,null,null,null,15.0682,11.5305,4.4117,null
2540168,null,Eddie Lacy,RB,GB,RB,GB,null,0,null,null,null,109,null,null,0,null,null,null,0,0,3.3019,null
2540171,null,Joseph Randle,RB,FA,RB,FA,null,0,null,null,null,109,null,null,0,null,null,null,0,0,null,null
2540173,null,Tyler Bray,QB,KC,QB,KC,null,0,null,null,null,66,null,null,0,null,null,null,0,0,3.6283,null
2540175,null,LeVeon Bell,RB,PIT,RB,PIT,null,22.4163,null,null,null,2,null,null,2.7265,null,null,null,23.2224,18.55,4.1609,null
2540177,null,Marquess Wilson,WR,CHI,WR,CHI,null,0,null,null,null,158,null,null,0,null,null,null,0,0,null,null
2540178,null,Knile Davis,RB,KC,RB,KC,null,1.3261,null,null,null,76,null,null,0.1757,null,null,null,2.2676,0.41,6.4797,null
2540181,null,Josh Boyce,WR,FA,WR,FA,null,0,null,null,null,158,null,null,0,null,null,null,0,0,null,null
2540200,null,Dion Sims,TE,MIA,TE,MIA,null,4.1874,null,null,null,34,null,null,0.6898,null,null,null,4.7083,2.9771,5.0582,null
2540202,null,Kenny Stills,WR,MIA,WR,MIA,null,7.7505,null,null,null,61,null,null,0.0837,null,null,null,9.3739,5.4982,null,null
2540203,null,Levine Toilolo,TE,ATL,TE,ATL,null,2.8664,null,null,null,43,null,null,0.0186,null,null,null,3.6965,1.99,5.5459,null
2540204,null,Spencer Ware,RB,KC,RB,KC,null,14.574,null,null,null,12,null,null,0.7847,null,null,null,17.6742,8.6128,7.3073,null
2540211,null,Gavin Escobar,TE,DAL,TE,DAL,null,1.9379,null,null,null,53,null,null,0.0584,null,null,null,3.4549,0,10.8819,null
2540215,null,Vance McDonald,TE,SF,TE,SF,null,6.1696,null,null,null,27,null,null,0.8141,null,null,null,7.6768,4.3,5.4847,null
2540224,null,Mike James,RB,TB,RB,TB,null,0.9961,null,null,null,82,null,null,0.0535,null,null,null,1.6505,0,5.2062,null
2540225,null,Tommy Bohanon,RB,FA,RB,FA,null,0,null,null,null,109,null,null,0,null,null,null,0,0,3.3019,null
2540230,null,Kyle Juszczyk,RB,BAL,RB,BAL,null,4.104,null,null,null,54,null,null,0.3098,null,null,null,4.6301,3.04,6.7677,null
2540233,null,Nick Kasa,TE,FA,TE,FA,null,0,null,null,null,92,null,null,0,null,null,null,0,0,3.0126,null
2540257,null,Justice Cunningham,TE,FA,TE,FA,null,0,null,null,null,92,null,null,0,null,null,null,0,0,3.0126,null
2540258,null,Travis Kelce,TE,KC,TE,KC,null,13.8819,null,null,null,5,null,null,0.2942,null,null,null,15.8036,9.9712,6.5207,null
2540259,null,MarQueis Gray,TE,MIA,TE,MIA,null,2.3669,null,null,null,47,null,null,0.0624,null,null,null,3.7644,1.15,7.2886,null
2540263,null,Sean Renfree,QB,FA,QB,FA,null,0,null,null,null,66,null,null,0,null,null,null,0,0,3.6283,null
2540269,null,C.J. Anderson,RB,DEN,RB,DEN,null,0,null,null,null,109,null,null,0,null,null,null,0,0,3.3019,null
2540273,null,Zac Stacy,RB,FA,RB,FA,null,0,null,null,null,109,null,null,0,null,null,null,0,0,null,null
2540274,null,Matthew Tucker,RB,PHI,RB,PHI,null,0,null,null,null,109,null,null,0,null,null,null,0,0,null,null
2540279,null,Nick Williams,WR,FA,WR,FA,null,0,null,null,null,158,null,null,0,null,null,null,0,0,null,null
2540928,null,Darren Fells,TE,ARI,TE,ARI,null,3.1046,null,null,null,39,null,null,0.1586,null,null,null,4.1742,2.06,6.2897,null
2541096,null,Ifeanyi Momah,TE,FA,TE,FA,null,0,null,null,null,92,null,null,0,null,null,null,0,0,null,null
2541147,null,Charles Johnson,WR,MIN,WR,MIN,null,2.5277,null,null,null,100,null,null,0.1906,null,null,null,3.9377,1.37,5.4915,null
2541151,null,Zach Sudfeld,TE,FA,TE,FA,null,0,null,null,null,92,null,null,0,null,null,null,0,0,null,null
2541185,null,Ryan Griffin,QB,TB,QB,TB,null,0,null,null,null,66,null,null,0,null,null,null,0,0,3.6283,null
2541187,null,Demetrius Harris,TE,KC,TE,KC,null,2.8953,null,null,null,41,null,null,0.0189,null,null,null,4.5596,1.4,7.1037,null
2541199,null,Luke Willson,TE,SEA,TE,SEA,null,1.9815,null,null,null,52,null,null,0.0651,null,null,null,2.4953,1.2264,4.3148,null
2541314,null,Justin Brown,WR,FA,WR,FA,null,0,null,null,null,158,null,null,0,null,null,null,0,0,null,null
2541316,null,Ryan Griffin,TE,HOU,TE,HOU,null,4.5549,null,null,null,32,null,null,0.2482,null,null,null,5.4522,3.1,5.2885,null
2541388,null,Brice Butler,WR,DAL,WR,DAL,null,3.0585,null,null,null,94,null,null,0.0237,null,null,null,4.3359,2.0285,3.409,null
2541390,null,Kevin Dorsey,WR,NE,WR,NE,null,0,null,null,null,158,null,null,0,null,null,null,0,0,null,null
2541429,null,B.J. Daniels,QB,FA,QB,FA,null,0,null,null,null,66,null,null,0,null,null,null,0,0,null,null
2541429,null,B.J. Daniels,WR,FA,WR,FA,null,0,null,null,null,158,null,null,0,null,null,null,0,0,null,null
2541432,null,Michael Cox,RB,FA,RB,FA,null,0,null,null,null,109,null,null,0,null,null,null,0,0,null,null
2541544,null,Benny Cunningham,RB,LA,RB,LA,null,4.7089,null,null,null,50,null,null,0.2275,null,null,null,5.3223,3.4642,5.0569,null
2541778,null,Kendall Gaskins,RB,FA,RB,FA,null,0,null,null,null,109,null,null,0,null,null,null,0,0,3.3019,null
2541785,null,Adam Thielen,WR,MIN,WR,MIN,null,7.8262,null,null,null,60,null,null,0.1011,null,null,null,8.5735,6.7986,4.566,null
2541828,null,Frankie Hammond,WR,FA,WR,FA,null,0.1526,null,null,null,152,null,null,0.0236,null,null,null,0.2559,0,null,null
2541834,null,Josh Hill,TE,NO,TE,NO,null,4.6268,null,null,null,30,null,null,0.0369,null,null,null,6.8691,2.81,6.6023,null
2541883,null,Eric Rogers,WR,SF,WR,SF,null,0,null,null,null,158,null,null,0,null,null,null,0,0,null,null
2541905,null,Myles White,WR,FA,WR,FA,null,0,null,null,null,158,null,null,0,null,null,null,0,0,null,null
2541910,null,George Winn,RB,FA,RB,FA,null,0,null,null,null,109,null,null,0,null,null,null,0,0,null,null
2541940,null,Rashad Ross,WR,WAS,WR,WAS,null,1.7285,null,null,null,110,null,null,0.1187,null,null,null,2.7041,0.7838,3.7175,null
2541944,null,Russell Shepard,WR,TB,WR,TB,null,0,null,null,null,158,null,null,0,null,null,null,0,0,null,null
2541966,null,Jaron Brown,WR,ARI,WR,ARI,null,0,null,null,null,158,null,null,0,null,null,null,0,0,null,null
2542022,null,Khiry Robinson,RB,FA,RB,FA,null,0,null,null,null,109,null,null,0,null,null,null,0,0,3.3019,null
2543462,null,Johnny Manziel,QB,FA,QB,FA,null,0,null,null,null,66,null,null,0,null,null,null,0,0,null,null
2543465,null,Teddy Bridgewater,QB,MIN,QB,MIN,null,0,null,null,null,66,null,null,0,null,null,null,0,0,3.6283,null
2543468,null,Mike Evans,WR,TB,WR,TB,null,21.1741,null,null,null,2,null,null,1.3402,null,null,null,23.4664,15.8604,0.9409,null
2543471,null,Kelvin Benjamin,WR,CAR,WR,CAR,null,15.1294,null,null,null,14,null,null,0.1549,null,null,null,17.1455,10.9676,3.7175,null
2543475,null,Marqise Lee,WR,JAC,WR,JAC,null,9.2188,null,null,null,50,null,null,0.1431,null,null,null,11.2604,7.52,4.2574,null
2543477,null,Blake Bortles,QB,JAC,QB,JAC,null,17.3125,null,null,null,11,null,null,0.151,null,null,null,19.9926,14.28,7.4336,null
2543481,null,Jace Amaro,TE,TEN,TE,TEN,null,0.174,null,null,null,84,null,null,0.015,null,null,null,0.3521,0,3.6668,null
2543488,null,Jarvis Landry,WR,MIA,WR,MIA,null,14.2395,null,null,null,22,null,null,0.1798,null,null,null,15.9808,11.09,null,null
2543491,null,Paul Richardson,WR,SEA,WR,SEA,null,2.8338,null,null,null,98,null,null,0.1598,null,null,null,3.4578,1.99,3.409,null
2543495,null,Davante Adams,WR,GB,WR,GB,null,11.5982,null,null,null,34,null,null,0.1867,null,null,null,14.3766,7.4635,4.1032,null
2543496,null,Odell Beckham,WR,NYG,WR,NYG,null,18.9301,null,null,null,5,null,null,1.9525,null,null,null,20.1466,16.5573,1.0952,null
2543497,null,AJ McCarron,QB,CIN,QB,CIN,null,0.5732,null,null,null,38,null,null,0.0807,null,null,null,1.0955,0.1,5.0999,null
2543498,null,Brandin Cooks,WR,NO,WR,NO,null,13.9216,null,null,null,27,null,null,0.6633,null,null,null,15.3345,11.0772,5.2601,null
2543500,null,Jordan Matthews,WR,PHI,WR,PHI,null,15.7291,null,null,null,11,null,null,0.2967,null,null,null,16.8642,10.9338,3.1005,null
2543502,null,Tre Mason,RB,LA,RB,LA,null,0,null,null,null,109,null,null,0,null,null,null,0,0,3.3019,null
2543509,null,Allen Robinson,WR,JAC,WR,JAC,null,14.8406,null,null,null,17,null,null,0.3735,null,null,null,17.3157,12.43,4.566,null
2543551,null,KaDeem Carey,RB,CHI,RB,CHI,null,3.5912,null,null,null,56,null,null,0.1355,null,null,null,4.8311,1.97,5.6981,null
2543559,null,Lache Seastrunk,RB,FA,RB,FA,null,0,null,null,null,109,null,null,0,null,null,null,0,0,null,null
2543565,null,Andre Williams,RB,FA,RB,FA,null,0,null,null,null,109,null,null,0,null,null,null,0,0,3.3019,null
2543570,null,Storm Johnson,RB,FA,RB,FA,null,0,null,null,null,109,null,null,0,null,null,null,0,0,3.3019,null
2543572,null,Martavis Bryant,WR,PIT,WR,PIT,null,0,null,null,null,158,null,null,0,null,null,null,0,0,null,null
2543583,null,Devonta Freeman,RB,ATL,RB,ATL,null,17.4144,null,null,null,6,null,null,1.3887,null,null,null,20.4172,14.4,5.2639,null
2543587,null,Aaron Murray,QB,FA,QB,FA,null,0,null,null,null,66,null,null,0,null,null,null,0,0,3.6283,null
2543590,null,Cody Latimer,WR,DEN,WR,DEN,null,0.9452,null,null,null,125,null,null,0.0749,null,null,null,1.9575,0,null,null
2543600,null,Alfred Blue,RB,HOU,RB,HOU,null,3.4166,null,null,null,58,null,null,0.2936,null,null,null,4.0658,2.9073,4.4666,null
2543603,null,Jeremy Hill,RB,CIN,RB,CIN,null,10.7567,null,null,null,21,null,null,0.1778,null,null,null,12.0323,8.1039,5.4027,null
2543605,null,Zach Mettenberger,QB,PIT,QB,PIT,null,0.071,null,null,null,60,null,null,0.0242,null,null,null,0.1217,0,3.779,null
2543628,null,Troy Niklas,TE,ARI,TE,ARI,null,0,null,null,null,92,null,null,0,null,null,null,0,0,3.0126,null
2543638,null,DeAnthony Thomas,WR,KC,WR,KC,null,3.3481,null,null,null,93,null,null,0.2932,null,null,null,6.1651,0.76,null,null
2543640,null,Tom Savage,QB,HOU,QB,HOU,null,0.3452,null,null,null,43,null,null,0.0908,null,null,null,0.7501,0.02,4.6486,null
2543646,null,Bruce Ellington,WR,SF,WR,SF,null,0,null,null,null,158,null,null,0,null,null,null,0,0,null,null
2543655,null,Tyler Gaffney,RB,FA,RB,FA,null,0,null,null,null,109,null,null,0,null,null,null,0,0,3.3019,null
2543664,null,Terrance West,RB,BAL,RB,BAL,null,10.6891,null,null,null,22,null,null,0.3102,null,null,null,12.5151,5.4305,6.1793,null
2543682,null,Bishop Sankey,RB,KC,RB,KC,null,0.6641,null,null,null,92,null,null,0.1295,null,null,null,1.4765,0,5.1237,null
2543683,null,Austin Seferian-Jenkins,TE,NYJ,TE,NYJ,null,2.8414,null,null,null,45,null,null,0.3473,null,null,null,4.2433,1.25,6.9733,null
2543689,null,Kevin Norwood,WR,FA,WR,FA,null,0,null,null,null,158,null,null,0,null,null,null,0,0,null,null
2543690,null,Marion Grice,RB,FA,RB,FA,null,0,null,null,null,109,null,null,0,null,null,null,0,0,3.3019,null
2543695,null,Jay Prosch,RB,HOU,RB,HOU,null,0.2166,null,null,null,100,null,null,0.0507,null,null,null,0.3453,0.07,3.6871,null
2543704,null,Lorenzo Taliaferro,RB,BAL,RB,BAL,null,0.9142,null,null,null,85,null,null,0.1138,null,null,null,1.7981,0,7.91,null
2543714,null,Arthur Lynch,TE,FA,TE,FA,null,0,null,null,null,92,null,null,0,null,null,null,0,0,null,null
2543715,null,Jerick McKinnon,RB,MIN,RB,MIN,null,10.2891,null,null,null,24,null,null,0.0789,null,null,null,13.811,7.05,8.317,null
2543721,null,C.J. Fiedorowicz,TE,HOU,TE,HOU,null,9.9006,null,null,null,14,null,null,0.3691,null,null,null,12.2134,6.6804,7.2991,null
2543743,null,Carlos Hyde,RB,SF,RB,SF,null,8.0375,null,null,null,40,null,null,0.5151,null,null,null,10.1064,0.8,11.0011,null
2543746,null,Josh Huff,WR,FA,WR,FA,null,0,null,null,null,158,null,null,0,null,null,null,0,0,null,null
2543750,null,Jeff Janis,WR,GB,WR,GB,null,3.432,null,null,null,92,null,null,0.2287,null,null,null,6.6577,0.5,5.4144,null
2543751,null,David Fales,QB,FA,QB,FA,null,0,null,null,null,66,null,null,0,null,null,null,0,0,3.6283,null
2543759,null,Ryan Grant,WR,WAS,WR,WAS,null,5.2778,null,null,null,85,null,null,0.2521,null,null,null,5.9441,4.51,5.8772,null
2543761,null,Shaq Evans,WR,FA,WR,FA,null,0,null,null,null,158,null,null,0,null,null,null,0,0,null,null
2543767,null,Logan Thomas,QB,FA,QB,FA,null,0,null,null,null,66,null,null,0,null,null,null,0,0,3.6283,null
2543770,null,Charles Sims,RB,TB,RB,TB,null,0,null,null,null,109,null,null,0,null,null,null,0,0,null,null
2543773,null,James White,RB,NE,RB,NE,null,11.2756,null,null,null,18,null,null,0.2393,null,null,null,13.5383,4.92,8.3503,null
2543774,null,Jared Abbrederis,WR,FA,WR,FA,null,0,null,null,null,158,null,null,0,null,null,null,0,0,null,null
2543777,null,Robert Herron,WR,FA,WR,FA,null,0,null,null,null,158,null,null,0,null,null,null,0,0,null,null
2543784,null,Keith Wenning,QB,FA,QB,FA,null,0,null,null,null,66,null,null,0,null,null,null,0,0,3.6283,null
2543792,null,Matt Hazel,WR,FA,WR,FA,null,0,null,null,null,158,null,null,0,null,null,null,0,0,null,null
2543794,null,Crockett Gillmore,TE,BAL,TE,BAL,null,3.31,null,null,null,38,null,null,0.2594,null,null,null,2.9255,1.2,6.6121,null
2543801,null,Jimmy Garoppolo,QB,NE,QB,NE,null,0.7243,null,null,null,35,null,null,0.0762,null,null,null,1.3967,0.056,5.4724,null
2543828,null,Quincy Enunwa,WR,NYJ,WR,NYJ,null,10.0381,null,null,null,44,null,null,0.0286,null,null,null,10.9877,8.7184,4.4117,null
2543836,null,T.J. Jones,WR,FA,WR,FA,null,0,null,null,null,158,null,null,0,null,null,null,0,0,null,null
2543847,null,John Brown,WR,ARI,WR,ARI,null,9.6304,null,null,null,48,null,null,0.394,null,null,null,10.1219,7.614,4.1032,null
2549982,null,Garrett Gilbert,QB,FA,QB,FA,null,0,null,null,null,66,null,null,0,null,null,null,0,0,null,null
2550162,null,James Wright,WR,CIN,WR,CIN,null,1.1901,null,null,null,121,null,null,0.0746,null,null,null,2.4494,0.01,null,null
2550163,null,Michael Campanaro,WR,BAL,WR,BAL,null,0,null,null,null,158,null,null,0,null,null,null,0,0,null,null
2550182,null,Isaiah Burse,WR,SD,WR,SD,null,1.7842,null,null,null,108,null,null,0.0423,null,null,null,3.3027,0,null,null
2550183,null,Jeremy Butler,WR,SD,WR,SD,null,0,null,null,null,158,null,null,0,null,null,null,0,0,null,null
2550189,null,Isaiah Crowell,RB,CLE,RB,CLE,null,10.1621,null,null,null,26,null,null,0.3101,null,null,null,10.964,8.3636,5.0033,null
2550198,null,Bennie Fowler,WR,DEN,WR,DEN,null,3.0184,null,null,null,96,null,null,0.1706,null,null,null,4.3776,1.38,4.7202,null
2550206,null,Ryan Hewitt,TE,CIN,TE,CIN,null,0.5002,null,null,null,75,null,null,0.0763,null,null,null,0.8365,0,4.1829,null
2550216,null,Jonathan Krause,WR,FA,WR,FA,null,0,null,null,null,158,null,null,0,null,null,null,0,0,null,null
2550223,null,Freddie Martino,WR,TB,WR,TB,null,2.3032,null,null,null,102,null,null,0.0255,null,null,null,3.6415,0,3.7947,null
2550233,null,Rajion Neal,RB,CLE,RB,CLE,null,0,null,null,null,109,null,null,0,null,null,null,0,0,3.3019,null
2550235,null,Roosevelt Nix,RB,PIT,RB,PIT,null,0.074,null,null,null,107,null,null,0.0435,null,null,null,0.1254,0,3.5365,null
2550243,null,Justin Perillo,TE,GB,TE,GB,null,1.6649,null,null,null,56,null,null,0.1274,null,null,null,2.577,0,5.3516,null
2550247,null,Bryn Renner,QB,FA,QB,FA,null,0,null,null,null,66,null,null,0,null,null,null,0,0,3.6283,null
2550252,null,Connor Shaw,QB,CLE,QB,CLE,null,0.1097,null,null,null,56,null,null,0.0177,null,null,null,0.1898,0,3.9636,null
2550256,null,Willie Snead,WR,NO,WR,NO,null,11.2304,null,null,null,37,null,null,0.1179,null,null,null,13.4803,7.9679,4.1803,null
2550263,null,Juwan Thompson,RB,DEN,RB,DEN,null,0.9523,null,null,null,83,null,null,0.0287,null,null,null,1.2974,0.31,6.4972,null
2550268,null,Charcandrick West,RB,KC,RB,KC,null,6.3424,null,null,null,43,null,null,0.1148,null,null,null,7.3384,4.8268,5.268,null
2550270,null,Nikita Whitlock,RB,NYG,RB,NYG,null,0,null,null,null,109,null,null,0,null,null,null,0,0,null,null
2550271,null,James Wilder,RB,CIN,RB,CIN,null,0,null,null,null,109,null,null,0,null,null,null,0,0,null,null
2550272,null,Albert Wilson,WR,KC,WR,KC,null,7.4877,null,null,null,67,null,null,0.1337,null,null,null,9.9666,3.0544,9.965,null
2550278,null,Blake Annen,TE,FA,TE,FA,null,0,null,null,null,92,null,null,0,null,null,null,0,0,null,null
2550284,null,Trey Burton,TE,PHI,TE,PHI,null,2.8544,null,null,null,44,null,null,0.123,null,null,null,3.8551,0.88,6.1399,null
2550313,null,Richard Rodgers,TE,GB,TE,GB,null,5.4653,null,null,null,28,null,null,0.529,null,null,null,6.1938,4.0285,5.1099,null
2550328,null,Brandon Coleman,WR,NO,WR,NO,null,3.8,null,null,null,91,null,null,0.41,null,null,null,6.3122,0.9,3.1776,null
2550330,null,Kain Colter,WR,FA,WR,FA,null,0,null,null,null,158,null,null,0,null,null,null,0,0,null,null
2550353,null,Allen Hurns,WR,JAC,WR,JAC,null,8.7124,null,null,null,53,null,null,0.1077,null,null,null,10.0586,5.5238,null,null
2550355,null,Nic Jacobs,TE,FA,TE,FA,null,0,null,null,null,92,null,null,0,null,null,null,0,0,3.0126,null
2550356,null,Marcel Jensen,TE,WAS,TE,WAS,null,0,null,null,null,92,null,null,0,null,null,null,0,0,3.0126,null
2550359,null,Seantavius Jones,WR,FA,WR,FA,null,0,null,null,null,158,null,null,0,null,null,null,0,0,null,null
2550376,null,Stephen Morris,QB,FA,QB,FA,null,0,null,null,null,66,null,null,0,null,null,null,0,0,null,null
2550410,null,Dustin Vaughan,QB,DAL,QB,DAL,null,0,null,null,null,66,null,null,0,null,null,null,0,0,null,null
2550413,null,Corey Washington,WR,FA,WR,FA,null,0,null,null,null,158,null,null,0,null,null,null,0,0,null,null
2550415,null,Tony Washington,WR,FA,WR,FA,null,0,null,null,null,158,null,null,0,null,null,null,0,0,null,null
2550454,null,Asante Cleveland,TE,SD,TE,SD,null,0.2204,null,null,null,81,null,null,0.0369,null,null,null,0.3289,0,3.5395,null
2550459,null,Javontee Herndon,WR,SD,WR,SD,null,0,null,null,null,158,null,null,0,null,null,null,0,0,null,null
2550474,null,Antonio Andrews,RB,TEN,RB,TEN,null,2.5145,null,null,null,66,null,null,0.2343,null,null,null,4.3825,-0.0321,7.5268,null
2550481,null,Orleans Darkwa,RB,NYG,RB,NYG,null,0.761,null,null,null,89,null,null,0.0256,null,null,null,1.3507,0,5.6437,null
2550485,null,Gator Hoskins,TE,FA,TE,FA,null,0,null,null,null,92,null,null,0,null,null,null,0,0,null,null
2550512,null,Damien Williams,RB,MIA,RB,MIA,null,5.3321,null,null,null,48,null,null,0.5089,null,null,null,6.8226,2.4373,5.8577,null
2550521,null,Xavier Grimble,TE,PIT,TE,PIT,null,3.3919,null,null,null,37,null,null,0.1846,null,null,null,5.8545,1.2,9.2513,null
2550529,null,Silas Redd,RB,WAS,RB,WAS,null,0,null,null,null,109,null,null,0,null,null,null,0,0,3.3019,null
2550540,null,George Atkinson,RB,CLE,RB,CLE,null,0.0609,null,null,null,108,null,null,0.0609,null,null,null,0.1529,0,3.5715,null
2550542,null,Kapri Bibbs,RB,DEN,RB,DEN,null,7.4006,null,null,null,42,null,null,1.091,null,null,null,9.2015,2.9101,7.0256,null
2550546,null,Philly Brown,WR,CAR,WR,CAR,null,4.976,null,null,null,87,null,null,0.1406,null,null,null,6.4988,3.0424,4.1803,null
2550596,null,Darrin Reaves,RB,FA,RB,FA,null,0,null,null,null,109,null,null,0,null,null,null,0,0,3.3019,null
2550608,null,RaShaun Allen,TE,SEA,TE,SEA,null,0,null,null,null,92,null,null,0,null,null,null,0,0,3.0126,null
2550617,null,Taylor Gabriel,WR,ATL,WR,ATL,null,7.3108,null,null,null,70,null,null,0.0582,null,null,null,10.5418,3.2426,6.6484,null
2550633,null,Senorise Perry,RB,FA,RB,FA,null,0,null,null,null,109,null,null,0,null,null,null,0,0,null,null
2550656,null,Cameron Brate,TE,TB,TE,TB,null,11.362,null,null,null,10,null,null,0.7446,null,null,null,14.4699,8,7.7683,null
2550658,null,Branden Oliver,RB,SD,RB,SD,null,0,null,null,null,109,null,null,0,null,null,null,0,0,3.3019,null
2550733,null,Kevin Smith,WR,SEA,WR,SEA,null,0,null,null,null,158,null,null,0,null,null,null,0,0,null,null
2550738,null,Fitzgerald Toussaint,RB,PIT,RB,PIT,null,2.8972,null,null,null,62,null,null,0.0308,null,null,null,4.0686,1.2571,7.9683,null
2551247,null,Josh Harris,RB,PIT,RB,PIT,null,0,null,null,null,109,null,null,0,null,null,null,0,0,null,null
2551357,null,Glenn Winston,RB,CLE,RB,CLE,null,0,null,null,null,109,null,null,0,null,null,null,0,0,null,null
2551359,null,Jerome Cunningham,TE,FA,TE,FA,null,0,null,null,null,92,null,null,0,null,null,null,0,0,3.0126,null
2552033,null,Jameis Winston,QB,TB,QB,TB,null,18.49,null,null,null,4,null,null,0.2729,null,null,null,19.7342,17.23,5.7979,null
2552369,null,Bryce Petty,QB,NYJ,QB,NYJ,null,6.8097,null,null,null,29,null,null,4.9224,null,null,null,13.1332,0.084,10.426,null
2552371,null,Garrett Grayson,QB,FA,QB,FA,null,0,null,null,null,66,null,null,0,null,null,null,0,0,3.6283,null
2552375,null,Cameron Artis-Payne,RB,CAR,RB,CAR,null,2.1181,null,null,null,69,null,null,0.0436,null,null,null,3.5642,0,3.6279,null
2552376,null,David Cobb,RB,FA,RB,FA,null,0,null,null,null,109,null,null,0,null,null,null,0,0,3.3019,null
2552379,null,Jeremy Langford,RB,CHI,RB,CHI,null,3.9972,null,null,null,55,null,null,0.4542,null,null,null,5.5026,2.0858,6.7753,null
2552380,null,Karlos Williams,RB,FA,RB,FA,null,0,null,null,null,109,null,null,0,null,null,null,0,0,null,null
2552382,null,Malcolm Brown,RB,LA,RB,LA,null,0.447,null,null,null,95,null,null,0.0351,null,null,null,0.8449,0.08,4.0504,null
2552383,null,Terrence Magee,RB,BAL,RB,BAL,null,0,null,null,null,109,null,null,0,null,null,null,0,0,3.3019,null
2552396,null,Ben Koyack,TE,JAC,TE,JAC,null,0.6195,null,null,null,71,null,null,0.0469,null,null,null,0.7816,0.3237,3.5343,null
2552399,null,Jeff Heuerman,TE,DEN,TE,DEN,null,0.8111,null,null,null,65,null,null,0.0266,null,null,null,1.1603,0.28,4.1259,null
2552401,null,MyCole Pruitt,TE,FA,TE,FA,null,0.2543,null,null,null,79,null,null,0.0178,null,null,null,0.431,0,3.9509,null
2552402,null,Nick Boyle,TE,BAL,TE,BAL,null,0,null,null,null,92,null,null,0,null,null,null,0,0,3.0126,null
2552408,null,Darren Waller,WR,BAL,WR,BAL,null,1.2937,null,null,null,118,null,null,0.0529,null,null,null,2.0114,0.3911,null,null
2552409,null,DeVante Parker,WR,MIA,WR,MIA,null,9.6765,null,null,null,47,null,null,0.2342,null,null,null,11.0766,7.0238,5.0287,null
2552411,null,Dezmin Lewis,WR,FA,WR,FA,null,0,null,null,null,158,null,null,0,null,null,null,0,0,null,null
2552413,null,Dres Anderson,WR,SF,WR,SF,null,0,null,null,null,158,null,null,0,null,null,null,0,0,null,null
2552415,null,Jamison Crowder,WR,WAS,WR,WAS,null,14.2909,null,null,null,21,null,null,0.1188,null,null,null,18.179,10.4025,4.2574,null
2552418,null,Justin Hardy,WR,ATL,WR,ATL,null,2.8202,null,null,null,99,null,null,0.3708,null,null,null,4.001,1.9,9.965,null
2552420,null,Keith Mumphery,WR,HOU,WR,HOU,null,1.4233,null,null,null,114,null,null,0.0755,null,null,null,2.105,0.4945,null,null
2552421,null,Kenny Bell,WR,FA,WR,FA,null,0,null,null,null,158,null,null,0,null,null,null,0,0,null,null
2552425,null,Rashad Greene,WR,JAC,WR,JAC,null,0.55,null,null,null,136,null,null,0.0815,null,null,null,1.4381,-0.0305,null,null
2552428,null,Tre McBride,WR,TEN,WR,TEN,null,0.19,null,null,null,151,null,null,0.046,null,null,null,0.19,0.19,null,null
2552429,null,Ty Montgomery,WR,GB,WR,GB,null,11.4232,null,null,null,35,null,null,0.108,null,null,null,13.4463,9.6516,6.4171,null
2552430,null,Tyler Lockett,WR,SEA,WR,SEA,null,7.1234,null,null,null,73,null,null,0.5389,null,null,null,7.6464,6.0996,5.183,null
2552431,null,Vince Mayle,WR,FA,WR,FA,null,0,null,null,null,158,null,null,0,null,null,null,0,0,null,null
2552453,null,Tevin Coleman,RB,ATL,RB,ATL,null,0,null,null,null,109,null,null,0,null,null,null,0,0,3.3019,null
2552458,null,Devin Funchess,WR,CAR,WR,CAR,null,6.3323,null,null,null,75,null,null,0.1826,null,null,null,6.6669,5.23,5.8772,null
2552461,null,Duke Johnson,RB,CLE,RB,CLE,null,10.4687,null,null,null,23,null,null,0.195,null,null,null,11.7943,8.48,5.3111,null
2552462,null,Gerald Christian,TE,FA,TE,FA,null,0,null,null,null,92,null,null,0,null,null,null,0,0,3.0126,null
2552463,null,Jaelen Strong,WR,HOU,WR,HOU,null,0,null,null,null,158,null,null,0,null,null,null,0,0,null,null
2552464,null,Jalston Fowler,RB,TEN,RB,TEN,null,0.1524,null,null,null,104,null,null,0.0308,null,null,null,0.2442,0,3.601,null
2552466,null,Marcus Mariota,QB,TEN,QB,TEN,null,18.081,null,null,null,6,null,null,0.2847,null,null,null,19.6381,16.5766,7.3459,null
2552468,null,Maxx Williams,TE,BAL,TE,BAL,null,0,null,null,null,92,null,null,0,null,null,null,0,0,null,null
2552469,null,Melvin Gordon,RB,SD,RB,SD,null,20.5112,null,null,null,3,null,null,2.2266,null,null,null,22.4667,14.6,5.3593,null
2552470,null,Sammie Coates,WR,PIT,WR,PIT,null,10.3305,null,null,null,42,null,null,0.2647,null,null,null,12.3687,7.7731,null,null
2552471,null,T.J. Yeldon,RB,JAC,RB,JAC,null,9.8784,null,null,null,27,null,null,0.1894,null,null,null,13.1978,6.2171,8.7782,null
2552475,null,Todd Gurley,RB,LA,RB,LA,null,12.8166,null,null,null,15,null,null,0.6796,null,null,null,13.8699,10.4512,6.6631,null
2552476,null,Kenny Hilliard,RB,FA,RB,FA,null,0,null,null,null,109,null,null,0,null,null,null,0,0,3.3019,null
2552477,null,Aaron Ripkowski,RB,GB,RB,GB,null,1.102,null,null,null,80,null,null,0.0546,null,null,null,1.6636,0.5,5.3557,null
2552478,null,Blake Bell,TE,SF,TE,SF,null,0.7933,null,null,null,66,null,null,0.0325,null,null,null,0.9929,0.39,3.6932,null
2552479,null,DaRon Brown,WR,KC,WR,KC,null,0,null,null,null,158,null,null,0,null,null,null,0,0,null,null
2552491,null,Dorial Green-Beckham,WR,PHI,WR,PHI,null,7.3652,null,null,null,68,null,null,0.0384,null,null,null,7.937,6.2161,5.7229,null
2552559,null,C.J. Uzomah,TE,CIN,TE,CIN,null,1.5125,null,null,null,58,null,null,0.2646,null,null,null,2.2638,0.5,5.1143,null
2552576,null,Sean Mannion,QB,LA,QB,LA,null,0,null,null,null,66,null,null,0,null,null,null,0,0,3.6283,null
2552580,null,A.J. Derby,TE,DEN,TE,DEN,null,0.8936,null,null,null,62,null,null,0.0179,null,null,null,1.1018,0.58,4.2177,null
2552582,null,Jay Ajayi,RB,MIA,RB,MIA,null,15.8395,null,null,null,8,null,null,0.1975,null,null,null,17.8118,13.61,4.5097,null
2552586,null,Tyler Kroft,TE,CIN,TE,CIN,null,2.2866,null,null,null,49,null,null,0.0878,null,null,null,3.2738,0.95,4.9096,null
2552588,null,Brett Hundley,QB,GB,QB,GB,null,0.0812,null,null,null,58,null,null,0.0095,null,null,null,0.1821,-0.014,3.8472,null
2552597,null,Breshad Perriman,WR,BAL,WR,BAL,null,5.6743,null,null,null,82,null,null,0.3345,null,null,null,7.4649,3.73,5.4915,null
2552600,null,Nelson Agholor,WR,PHI,WR,PHI,null,7.5908,null,null,null,65,null,null,0.0886,null,null,null,9.3284,5.0356,4.4888,null
2552608,null,Stefon Diggs,WR,MIN,WR,MIN,null,15.5616,null,null,null,12,null,null,0.3454,null,null,null,17.8595,11.4198,3.7947,null
2552616,null,Duron Carter,WR,FA,WR,FA,null,0,null,null,null,158,null,null,0,null,null,null,0,0,null,null
2552622,null,Chris Manhertz,TE,CAR,TE,CAR,null,0.1533,null,null,null,88,null,null,0.1061,null,null,null,0.3369,0,3.6951,null
2552627,null,DeAndre Smelter,WR,FA,WR,FA,null,0,null,null,null,158,null,null,0,null,null,null,0,0,null,null
2552631,null,Javorius Allen,RB,BAL,RB,BAL,null,1.8603,null,null,null,73,null,null,0.3372,null,null,null,3.9548,0,8.9757,null
2552633,null,Jesse James,TE,PIT,TE,PIT,null,7.1204,null,null,null,24,null,null,0.4616,null,null,null,8.4288,5.4374,5.7017,null
2552634,null,Joey Iosefa,RB,FA,RB,FA,null,0,null,null,null,109,null,null,0,null,null,null,0,0,3.3019,null
2552635,null,Matt Jones,RB,WAS,RB,WAS,null,4.1601,null,null,null,53,null,null,0.1094,null,null,null,6.6642,1.635,7.6782,null
2552647,null,Marcus Murphy,RB,NO,RB,NO,null,0.1653,null,null,null,102,null,null,0.0124,null,null,null,0.2695,0,3.6279,null
2552650,null,Mario Alford,WR,FA,WR,FA,null,0,null,null,null,158,null,null,0,null,null,null,0,0,null,null
2552651,null,Kaelin Clay,WR,BAL,WR,BAL,null,0,null,null,null,158,null,null,0,null,null,null,0,0,null,null
2552652,null,Chris Conley,WR,KC,WR,KC,null,8.2383,null,null,null,58,null,null,0.2372,null,null,null,10.2229,5.5686,null,null
2552654,null,Geremy Davis,WR,SD,WR,SD,null,0.1226,null,null,null,154,null,null,0.0428,null,null,null,0.2695,0,null,null
2552656,null,J.J. Nelson,WR,ARI,WR,ARI,null,12.0701,null,null,null,32,null,null,0.4223,null,null,null,15.1205,5.7,5.2601,null
2552657,null,DeAndrew White,WR,FA,WR,FA,null,0,null,null,null,158,null,null,0,null,null,null,0,0,null,null
2552660,null,Randall Telfer,TE,CLE,TE,CLE,null,0.4741,null,null,null,76,null,null,0.1388,null,null,null,0.722,0.01,3.8293,null
2553117,null,Jarryd Hayne,RB,FA,RB,FA,null,0,null,null,null,109,null,null,0,null,null,null,0,0,3.3019,null
2553289,null,Evan Spencer,WR,FA,WR,FA,null,0,null,null,null,158,null,null,0,null,null,null,0,0,null,null
2553292,null,Kennard Backman,TE,FA,TE,FA,null,0,null,null,null,92,null,null,0,null,null,null,0,0,3.0126,null
2553318,null,James OShaughnessy,TE,KC,TE,KC,null,0.1775,null,null,null,83,null,null,0.0107,null,null,null,0.2943,0,3.3834,null
2553432,null,Kevin White,WR,CHI,WR,CHI,null,0,null,null,null,158,null,null,0,null,null,null,0,0,null,null
2553434,null,Devin Smith,WR,NYJ,WR,NYJ,null,1.5996,null,null,null,112,null,null,0.0881,null,null,null,2.6591,0,null,null
2553435,null,David Johnson,RB,ARI,RB,ARI,null,26.4011,null,null,null,1,null,null,4.9373,null,null,null,28.8464,24.35,3.783,null
2553439,null,Mike Davis,RB,SF,RB,SF,null,1.4305,null,null,null,75,null,null,0.1898,null,null,null,1.9836,0.71,5.6871,null
2553446,null,Malcolm Johnson,RB,FA,RB,FA,null,0,null,null,null,109,null,null,0,null,null,null,0,0,null,null
2553451,null,Neal Sterling,TE,JAC,TE,JAC,null,0.7,null,null,null,69,null,null,0.0758,null,null,null,0.7,0.7,null,null
2553451,null,Neal Sterling,WR,JAC,WR,JAC,null,0,null,null,null,158,null,null,0,null,null,null,0,0,null,null
2553453,null,Andre Debose,WR,FA,WR,FA,null,0,null,null,null,158,null,null,0,null,null,null,0,0,null,null
2553454,null,Geoff Swaim,TE,DAL,TE,DAL,null,1.5626,null,null,null,57,null,null,0.0843,null,null,null,2.6318,0.5,5.6977,null
2553457,null,Trevor Siemian,QB,DEN,QB,DEN,null,15.8354,null,null,null,19,null,null,0.7878,null,null,null,17.4438,13.46,7.3057,null
2553465,null,Rory Anderson,TE,SF,TE,SF,null,0,null,null,null,92,null,null,0,null,null,null,0,0,3.0126,null
2553486,null,Trey Williams,RB,FA,RB,FA,null,0,null,null,null,109,null,null,0,null,null,null,0,0,null,null
2553502,null,DeAndre Carter,WR,FA,WR,FA,null,0,null,null,null,158,null,null,0,null,null,null,0,0,null,null
2553511,null,John Crockett,RB,GB,RB,GB,null,0,null,null,null,109,null,null,0,null,null,null,0,0,3.3019,null
2553524,null,Beau Gardner,TE,ATL,TE,ATL,null,0,null,null,null,92,null,null,0,null,null,null,0,0,null,null
2553526,null,Antwan Goodley,WR,DAL,WR,DAL,null,0,null,null,null,158,null,null,0,null,null,null,0,0,null,null
2553533,null,Alonzo Harris,RB,FA,RB,FA,null,0,null,null,null,109,null,null,0,null,null,null,0,0,null,null
2553548,null,Jake Kumerow,WR,FA,WR,FA,null,0,null,null,null,158,null,null,0,null,null,null,0,0,null,null
2553568,null,Cameron Meredith,WR,CHI,WR,CHI,null,10.0936,null,null,null,43,null,null,0.0685,null,null,null,11.2262,8.17,7.8054,null
2553575,null,Levi Norwood,WR,CHI,WR,CHI,null,0,null,null,null,158,null,null,0,null,null,null,0,0,null,null
2553599,null,Jaxon Shipley,WR,FA,WR,FA,null,0,null,null,null,158,null,null,0,null,null,null,0,0,null,null
2553600,null,Jameill Showers,QB,DAL,QB,DAL,null,0,null,null,null,66,null,null,0,null,null,null,0,0,null,null
2553606,null,Jordan Taylor,WR,DEN,WR,DEN,null,1.3279,null,null,null,116,null,null,0.0246,null,null,null,2.073,0.22,null,null
2553618,null,Brandon Wegher,RB,FA,RB,FA,null,0,null,null,null,109,null,null,0,null,null,null,0,0,null,null
2553621,null,Lucky Whitehead,WR,DAL,WR,DAL,null,1.1775,null,null,null,122,null,null,0.1483,null,null,null,1.258,1.1,2.175,null
2553650,null,Corey Grant,RB,JAC,RB,JAC,null,0.1068,null,null,null,106,null,null,0.0394,null,null,null,0.1737,0,3.4836,null
2553652,null,Chris Harper,WR,SF,WR,SF,null,0.0879,null,null,null,155,null,null,0.0402,null,null,null,0.8896,-0.36,null,null
2553652,null,Chris Harper,WR,SF,WR,SF,null,0.0879,null,null,null,155,null,null,0.0402,null,null,null,0.8896,-0.36,null,null
2553660,null,Akeem Hunt,RB,FA,RB,FA,null,0,null,null,null,109,null,null,0,null,null,null,0,0,3.3019,null
2553662,null,Gus Johnson,RB,FA,RB,FA,null,0,null,null,null,109,null,null,0,null,null,null,0,0,3.3019,null
2553667,null,Matt LaCosse,TE,NYG,TE,NYG,null,0,null,null,null,92,null,null,0,null,null,null,0,0,null,null
2553668,null,Jordan Leslie,WR,MIN,WR,MIN,null,0,null,null,null,158,null,null,0,null,null,null,0,0,null,null
2553682,null,Wes Saxton,TE,FA,TE,FA,null,0,null,null,null,92,null,null,0,null,null,null,0,0,null,null
2553692,null,Rasheed Bailey,WR,SD,WR,SD,null,0,null,null,null,158,null,null,0,null,null,null,0,0,null,null
2553703,null,Devante Davis,WR,FA,WR,FA,null,0,null,null,null,158,null,null,0,null,null,null,0,0,null,null
2553716,null,Rannell Hall,WR,CLE,WR,CLE,null,0,null,null,null,158,null,null,0,null,null,null,0,0,null,null
2553725,null,Bradley Marquez,WR,LA,WR,LA,null,1.005,null,null,null,124,null,null,0.0801,null,null,null,1.4374,0.43,null,null
2553728,null,Raheem Mostert,RB,FA,RB,FA,null,0,null,null,null,109,null,null,0,null,null,null,0,0,3.3019,null
2553729,null,Tyler Murphy,WR,MIA,WR,MIA,null,2.27,null,null,null,104,null,null,0.0922,null,null,null,2.27,2.27,null,null
2553733,null,Thomas Rawls,RB,SEA,RB,SEA,null,0,null,null,null,109,null,null,0,null,null,null,0,0,3.3019,null
2553737,null,Eli Rogers,WR,PIT,WR,PIT,null,9.254,null,null,null,49,null,null,0.0838,null,null,null,12.6997,5.09,5.9543,null
2553743,null,Rod Smith,RB,FA,RB,FA,null,0,null,null,null,109,null,null,0,null,null,null,0,0,null,null
2553762,null,Terron Ward,RB,ATL,RB,ATL,null,4.9374,null,null,null,49,null,null,0.2382,null,null,null,6.6303,2.7721,5.7772,null
2553773,null,Mitchell Henry,TE,FA,TE,FA,null,0,null,null,null,92,null,null,0,null,null,null,0,0,3.0126,null
2553787,null,Chandler Worthy,WR,FA,WR,FA,null,0,null,null,null,158,null,null,0,null,null,null,0,0,null,null
2553791,null,E.J. Bibbs,TE,FA,TE,FA,null,0,null,null,null,92,null,null,0,null,null,null,0,0,3.0126,null
2553797,null,Michael Dyer,RB,FA,RB,FA,null,0,null,null,null,109,null,null,0,null,null,null,0,0,null,null
2553802,null,R.J. Harris,WR,NO,WR,NO,null,0,null,null,null,158,null,null,0,null,null,null,0,0,null,null
2553811,null,Deon Long,WR,TEN,WR,TEN,null,0,null,null,null,158,null,null,0,null,null,null,0,0,null,null
2553829,null,Andrew Turzilli,WR,FA,WR,FA,null,0,null,null,null,158,null,null,0,null,null,null,0,0,null,null
2553830,null,Will Tye,TE,NYG,TE,NYG,null,8.3107,null,null,null,18,null,null,0.2803,null,null,null,10.061,6.46,7.1981,null
2553840,null,Brian Parker,TE,FA,TE,FA,null,0,null,null,null,92,null,null,0,null,null,null,0,0,null,null
2553848,null,Dreamius Smith,RB,SD,RB,SD,null,0,null,null,null,109,null,null,0,null,null,null,0,0,null,null
2553858,null,Austin Willis,WR,FA,WR,FA,null,0,null,null,null,158,null,null,0,null,null,null,0,0,null,null
2553867,null,Mack Brown,RB,WAS,RB,WAS,null,0,null,null,null,109,null,null,0,null,null,null,0,0,3.3019,null
2553874,null,Titus Davis,WR,NYJ,WR,NYJ,null,0,null,null,null,158,null,null,0,null,null,null,0,0,null,null
2553876,null,Donteea Dye,WR,TB,WR,TB,null,0,null,null,null,158,null,null,0,null,null,null,0,0,null,null
2553879,null,Jahwan Edwards,RB,SD,RB,SD,null,0,null,null,null,109,null,null,0,null,null,null,0,0,3.3019,null
2553892,null,Austin Hill,WR,FA,WR,FA,null,0,null,null,null,158,null,null,0,null,null,null,0,0,null,null
2553895,null,Adam Humphries,WR,TB,WR,TB,null,10.0071,null,null,null,46,null,null,0.3537,null,null,null,11.7439,8.0759,5.2601,null
2553896,null,Darius Jennings,WR,FA,WR,FA,null,0,null,null,null,158,null,null,0,null,null,null,0,0,null,null
2553900,null,Daniel Brown,WR,CHI,WR,CHI,null,0.1354,null,null,null,153,null,null,0.0301,null,null,null,0.2335,0,null,null
2553904,null,Shakim Phillips,WR,PIT,WR,PIT,null,0,null,null,null,158,null,null,0,null,null,null,0,0,null,null
2553913,null,Tyrell Williams,WR,SD,WR,SD,null,13.9971,null,null,null,25,null,null,0.0396,null,null,null,16.6122,10.2636,null,null
2554138,null,Kasen Williams,WR,FA,WR,FA,null,0,null,null,null,158,null,null,0,null,null,null,0,0,null,null
2554138,null,Kasen Williams,WR,FA,WR,FA,null,0,null,null,null,158,null,null,0,null,null,null,0,0,null,null
2555209,null,Chris Moore,WR,BAL,WR,BAL,null,1.2399,null,null,null,120,null,null,0.0561,null,null,null,1.8682,0.44,1.4037,null
2555214,null,Laquon Treadwell,WR,MIN,WR,MIN,null,0.6066,null,null,null,133,null,null,0.0217,null,null,null,0.7951,0.36,null,null
2555215,null,Leonte Carroo,WR,MIA,WR,MIA,null,1.0534,null,null,null,123,null,null,0.0783,null,null,null,1.8322,0.21,null,null
2555216,null,Malcolm Mitchell,WR,NE,WR,NE,null,1.5996,null,null,null,113,null,null,0.204,null,null,null,2.3812,0,8.0368,null
2555218,null,Dan Vitale,RB,CLE,RB,CLE,null,0.1533,null,null,null,103,null,null,0.0089,null,null,null,0.3369,0,3.8885,null
2555219,null,Daniel Lasco,RB,NO,RB,NO,null,0.4727,null,null,null,94,null,null,0.0358,null,null,null,0.6371,0.157,3.7943,null
2555220,null,Derek Watt,RB,SD,RB,SD,null,1.1456,null,null,null,78,null,null,0.0401,null,null,null,1.7727,0.54,6.7791,null
2555223,null,Devontae Booker,RB,DEN,RB,DEN,null,13.8263,null,null,null,13,null,null,0.5419,null,null,null,16.1356,11.7984,5.1351,null
2555224,null,Ezekiel Elliott,RB,DAL,RB,DAL,null,18.8686,null,null,null,4,null,null,1.3111,null,null,null,21.8141,11.4488,6.4049,null
2555229,null,Kenneth Dixon,RB,BAL,RB,BAL,null,8.5055,null,null,null,35,null,null,0.1221,null,null,null,11.5175,3.1626,11.0314,null
2555230,null,Kenyan Drake,RB,MIA,RB,MIA,null,1.6156,null,null,null,74,null,null,0.2373,null,null,null,2.0094,0.41,4.9092,null
2555234,null,Tyler Ervin,RB,HOU,RB,HOU,null,0.7338,null,null,null,91,null,null,0.1035,null,null,null,1.4739,-0.0627,4.0421,null
2555259,null,Carson Wentz,QB,PHI,QB,PHI,null,16.4228,null,null,null,16,null,null,0.3125,null,null,null,17.3331,14.78,6.8295,null
2555260,null,Dak Prescott,QB,DAL,QB,DAL,null,17.5341,null,null,null,9,null,null,0.1388,null,null,null,19.0043,13.46,7.9497,null
2555261,null,Jacoby Brissett,QB,NE,QB,NE,null,0,null,null,null,66,null,null,0,null,null,null,0,0,3.6283,null
2555262,null,Jeff Driskel,QB,CIN,QB,CIN,null,0,null,null,null,66,null,null,0,null,null,null,0,0,3.6283,null
2555263,null,Kevin Hogan,QB,CLE,QB,CLE,null,0.1926,null,null,null,47,null,null,0.0056,null,null,null,0.44,0,4.1276,null
2555289,null,Nick Vannett,TE,SEA,TE,SEA,null,0.8654,null,null,null,64,null,null,0.0632,null,null,null,1.0366,0.6051,3.604,null
2555295,null,Sterling Shepard,WR,NYG,WR,NYG,null,10.8479,null,null,null,40,null,null,0.2738,null,null,null,12.0601,9.5261,3.4862,null
2555306,null,David Morgan,TE,MIN,TE,MIN,null,0.2969,null,null,null,78,null,null,0.0435,null,null,null,0.4803,0,3.6916,null
2555311,null,Jerell Adams,TE,NYG,TE,NYG,null,2.2232,null,null,null,50,null,null,0.1453,null,null,null,3.3783,0.8038,6.0968,null
2555316,null,Paxton Lynch,QB,DEN,QB,DEN,null,0.9379,null,null,null,33,null,null,0.1711,null,null,null,1.9418,0.074,6.4493,null
2555317,null,Tajae Sharpe,WR,TEN,WR,TEN,null,7.6999,null,null,null,62,null,null,0.0686,null,null,null,10.3057,4.29,5.1059,null
2555331,null,Cody Core,WR,CIN,WR,CIN,null,0.2451,null,null,null,148,null,null,0.0261,null,null,null,0.3935,0,null,null
2555333,null,Corey Coleman,WR,CLE,WR,CLE,null,14.0147,null,null,null,24,null,null,0.0194,null,null,null,17.2784,11.18,4.1032,null
2555334,null,Jared Goff,QB,LA,QB,LA,null,0.1834,null,null,null,49,null,null,0.021,null,null,null,0.2784,0.084,3.8562,null
2555341,null,Hunter Henry,TE,SD,TE,SD,null,7.447,null,null,null,23,null,null,0.48,null,null,null,10.6707,4.1212,10.0838,null
2555343,null,Josh Doctson,WR,WAS,WR,WAS,null,0,null,null,null,158,null,null,0,null,null,null,0,0,null,null
2555346,null,Will Fuller,WR,HOU,WR,HOU,null,9.0297,null,null,null,52,null,null,0.3355,null,null,null,11.9356,5.0135,null,null
2555348,null,Braxton Miller,WR,HOU,WR,HOU,null,4.8609,null,null,null,88,null,null,0.2002,null,null,null,6.4355,2.84,6.1085,null
2555362,null,Aaron Burbridge,WR,SF,WR,SF,null,0.9046,null,null,null,126,null,null,0.0747,null,null,null,1.3634,0.19,3.409,null
2555364,null,Tyler Higbee,TE,LA,TE,LA,null,0.934,null,null,null,61,null,null,0.0441,null,null,null,1.3581,0.2512,4.6364,null
2555370,null,Jordan Payton,WR,CLE,WR,CLE,null,0.2769,null,null,null,145,null,null,0.0295,null,null,null,0.501,0,null,null
2555387,null,Cody Kessler,QB,CLE,QB,CLE,null,14.5121,null,null,null,23,null,null,0.6322,null,null,null,16.5763,11.8,7.2436,null
2555413,null,Trevor Davis,WR,GB,WR,GB,null,0.3063,null,null,null,144,null,null,0.043,null,null,null,0.7844,0,null,null
2555415,null,Austin Hooper,TE,ATL,TE,ATL,null,8.0006,null,null,null,20,null,null,0.47,null,null,null,9.4781,6.3638,6.419,null
2555416,null,Christian Hackenberg,QB,NYJ,QB,NYJ,null,0,null,null,null,66,null,null,0,null,null,null,0,0,3.6283,null
2555417,null,C.J. Prosise,RB,SEA,RB,SEA,null,10.2583,null,null,null,25,null,null,0.238,null,null,null,11.9469,5.7055,7.2883,null
2555418,null,Jordan Howard,RB,CHI,RB,CHI,null,16.2118,null,null,null,7,null,null,0.4354,null,null,null,18.386,13.6,5.3531,null
2555419,null,Pharoh Cooper,WR,LA,WR,LA,null,0.2397,null,null,null,149,null,null,0.0456,null,null,null,0.3986,0,4.4888,null
2555427,null,Nate Sudfeld,QB,WAS,QB,WAS,null,0,null,null,null,66,null,null,0,null,null,null,0,0,3.6283,null
2555430,null,Alex Collins,RB,SEA,RB,SEA,null,0.5965,null,null,null,93,null,null,0.1367,null,null,null,0.9678,0,7.607,null
2555432,null,Andy Janovich,RB,DEN,RB,DEN,null,1.1089,null,null,null,79,null,null,0.0085,null,null,null,1.6671,0.32,4.841,null
2555459,null,Keith Marshall,RB,WAS,RB,WAS,null,0,null,null,null,109,null,null,0,null,null,null,0,0,3.3019,null
2555460,null,Paul Perkins,RB,NYG,RB,NYG,null,9.4043,null,null,null,30,null,null,0.1278,null,null,null,11.464,6.57,7.6456,null
2555461,null,Wendell Smallwood,RB,PHI,RB,PHI,null,2.3959,null,null,null,67,null,null,0.2546,null,null,null,2.7646,1.8731,6.156,null
2555462,null,Kelvin Taylor,RB,FA,RB,FA,null,0,null,null,null,109,null,null,0,null,null,null,0,0,null,null
2555466,null,Tyler Boyd,WR,CIN,WR,CIN,null,7.3039,null,null,null,71,null,null,0.1415,null,null,null,9.2102,5.5781,4.7202,null
2555468,null,Rashard Higgins,WR,CLE,WR,CLE,null,0.6599,null,null,null,132,null,null,0.0614,null,null,null,0.8431,0.45,null,null
2555471,null,Kenny Lawler,WR,FA,WR,FA,null,0,null,null,null,158,null,null,0,null,null,null,0,0,null,null
2555473,null,Ricardo Louis,WR,CLE,WR,CLE,null,3.0512,null,null,null,95,null,null,0.1111,null,null,null,4.2477,1.35,null,null
2555477,null,Charone Peake,WR,NYJ,WR,NYJ,null,2.2428,null,null,null,105,null,null,0.2932,null,null,null,3.2096,0.89,8.3453,null
2555478,null,Demarcus Robinson,WR,KC,WR,KC,null,0.3266,null,null,null,142,null,null,0.0185,null,null,null,0.4925,0,null,null
2555483,null,Thomas Duarte,TE,MIA,TE,MIA,null,0,null,null,null,92,null,null,0,null,null,null,0,0,3.0126,null
2555486,null,Temarrick Hemingway,TE,LA,TE,LA,null,0.1896,null,null,null,82,null,null,0.0138,null,null,null,0.311,0,3.5336,null
2555487,null,Beau Sandland,TE,FA,TE,FA,null,0,null,null,null,92,null,null,0,null,null,null,0,0,3.0126,null
2555573,null,Anthony Dable,WR,FA,WR,FA,null,0,null,null,null,158,null,null,0,null,null,null,0,0,null,null
2556075,null,Derrick Henry,RB,TEN,RB,TEN,null,2.6091,null,null,null,65,null,null,0.1539,null,null,null,4.8197,0,6.688,null
2556144,null,Daniel Braverman,WR,FA,WR,FA,null,0,null,null,null,158,null,null,0,null,null,null,0,0,null,null
2556190,null,Jakeem Grant,WR,MIA,WR,MIA,null,0.2451,null,null,null,147,null,null,0.0027,null,null,null,0.5288,0,4.4888,null
2556212,null,Devin Fuller,WR,ATL,WR,ATL,null,0,null,null,null,158,null,null,0,null,null,null,0,0,null,null
2556214,null,Tyreek Hill,WR,KC,WR,KC,null,10.0119,null,null,null,45,null,null,0.1702,null,null,null,12.5483,6.02,6.2628,null
2556261,null,Moritz Boehringer,WR,FA,WR,FA,null,0,null,null,null,158,null,null,0,null,null,null,0,0,null,null
2556273,null,Darius Jackson,RB,DAL,RB,DAL,null,0.2887,null,null,null,99,null,null,0.0972,null,null,null,0.4656,0,3.8122,null
2556370,null,Michael Thomas,WR,NO,WR,NO,null,13.9936,null,null,null,26,null,null,0.3823,null,null,null,16.8864,11.72,5.2601,null
2556375,null,Rico Gathers,TE,FA,TE,FA,null,0,null,null,null,92,null,null,null,null,null,null,0,0,3.0126,null
2556379,null,Zac Brooks,RB,FA,RB,FA,null,0,null,null,null,109,null,null,0,null,null,null,0,0,3.3019,null
2556381,null,Mike Thomas,WR,LA,WR,LA,null,0.5793,null,null,null,135,null,null,0.0643,null,null,null,0.6513,0.48,null,null
2556404,null,Maurice Harris,WR,WAS,WR,WAS,null,0.3824,null,null,null,140,null,null,0.0386,null,null,null,0.8234,0,null,null
2556414,null,Rob Kelley,RB,WAS,RB,WAS,null,9.5526,null,null,null,29,null,null,0.1799,null,null,null,12.0971,6.9305,8.7559,null
2556453,null,Hakeem Valles,TE,ARI,TE,ARI,null,0.1597,null,null,null,85,null,null,0.0023,null,null,null,0.3686,0,3.6101,null
2556454,null,Brandon Wilds,RB,FA,RB,FA,null,0,null,null,null,109,null,null,0,null,null,null,0,0,3.3019,null
2556460,null,Geronimo Allison,WR,GB,WR,GB,null,0.3098,null,null,null,143,null,null,0.0182,null,null,null,0.5043,0,null,null
2556462,null,Robby Anderson,WR,NYJ,WR,NYJ,null,6.2863,null,null,null,76,null,null,0.3026,null,null,null,7.4972,4.7579,5.9543,null
2556463,null,Stephen Anderson,TE,HOU,TE,HOU,null,2.1743,null,null,null,51,null,null,0.2147,null,null,null,3.061,1.15,4.2164,null
2556466,null,Peyton Barber,RB,TB,RB,TB,null,8.1627,null,null,null,39,null,null,0.3218,null,null,null,9.9709,5.41,7.4107,null
2556473,null,Jace Billingsley,WR,FA,WR,FA,null,0,null,null,null,158,null,null,0,null,null,null,0,0,null,null
2556477,null,Trevone Boykin,QB,SEA,QB,SEA,null,0.3664,null,null,null,42,null,null,0.0547,null,null,null,0.7021,0.016,4.5376,null
2556478,null,Ben Braunecker,TE,CHI,TE,CHI,null,0.5096,null,null,null,74,null,null,0.0225,null,null,null,0.6119,0.42,3.3877,null
2556490,null,Devon Cajuste,WR,FA,WR,FA,null,0,null,null,null,158,null,null,0,null,null,null,0,0,null,null
2556492,null,Joe Callahan,QB,CLE,QB,CLE,null,0,null,null,null,66,null,null,0,null,null,null,0,0,3.6283,null
2556507,null,Marshaun Coprich,RB,FA,RB,FA,null,0,null,null,null,109,null,null,0,null,null,null,0,0,3.3019,null
2556519,null,Alex Erickson,WR,CIN,WR,CIN,null,0.397,null,null,null,139,null,null,0.0253,null,null,null,0.5991,0,null,null
2556528,null,D.J. Foster,RB,NE,RB,NE,null,0,null,null,null,109,null,null,0,null,null,null,0,0,null,null
2556528,null,D.J. Foster,WR,NE,WR,NE,null,0,null,null,null,158,null,null,0,null,null,null,0,0,null,null
2556541,null,Aaron Green,RB,FA,RB,FA,null,0,null,null,null,109,null,null,0,null,null,null,0,0,3.3019,null
2556544,null,Glenn Gronkowski,RB,FA,RB,FA,null,0,null,null,null,109,null,null,0,null,null,null,0,0,3.3019,null
2556547,null,Russell Hansbrough,RB,TB,RB,TB,null,0,null,null,null,109,null,null,0,null,null,null,0,0,3.3019,null
2556563,null,Don Jackson,RB,GB,RB,GB,null,3.0878,null,null,null,60,null,null,0.1402,null,null,null,4.711,0.82,8.1264,null
2556569,null,Andy Jones,WR,FA,WR,FA,null,0,null,null,null,158,null,null,0,null,null,null,0,0,null,null
2556592,null,Roger Lewis,WR,NYG,WR,NYG,null,4.5114,null,null,null,90,null,null,0.8954,null,null,null,8.0947,0.94,7.7283,null
2556603,null,Tre Madden,RB,SEA,RB,SEA,null,0,null,null,null,109,null,null,0,null,null,null,0,0,3.3019,null
2556606,null,Jalin Marshall,WR,NYJ,WR,NYJ,null,5.9425,null,null,null,79,null,null,0.0553,null,null,null,7.9954,3.96,7.3426,null
2556612,null,Tanner McEvoy,WR,SEA,WR,SEA,null,2.1128,null,null,null,106,null,null,0.3274,null,null,null,4.0148,0.41,null,null
2556636,null,Marquez North,WR,LA,WR,LA,null,0,null,null,null,158,null,null,0,null,null,null,0,0,null,null
2556686,null,Nelson Spruce,WR,LA,WR,LA,null,0,null,null,null,158,null,null,0,null,null,null,0,0,null,null
2556687,null,Joel Stave,QB,FA,QB,FA,null,0,null,null,null,66,null,null,null,null,null,null,0,0,null,null
2556697,null,Bryce Treggs,WR,PHI,WR,PHI,null,2.8618,null,null,null,97,null,null,0.0348,null,null,null,4.0022,0.01,8.0368,null
2556743,null,Chris Hubert,WR,ARI,WR,ARI,null,0.8123,null,null,null,129,null,null,0.1113,null,null,null,1.4012,0,null,null
2556752,null,Tommylee Lewis,WR,NO,WR,NO,null,0.7163,null,null,null,130,null,null,0.0435,null,null,null,0.9308,0.36,null,null
2556785,null,Paul Turner,WR,PHI,WR,PHI,null,0,null,null,null,158,null,null,0,null,null,null,0,0,null,null
2556801,null,Kenneth Farrow,RB,SD,RB,SD,null,3.4948,null,null,null,57,null,null,0.2074,null,null,null,4.2895,2.58,6.3573,null
2556836,null,Duke Williams,WR,FA,WR,FA,null,0,null,null,null,158,null,null,0,null,null,null,0,0,null,null
2556851,null,Keyarris Garrett,WR,FA,WR,FA,null,0,null,null,null,158,null,null,null,null,null,null,0,0,null,null
2556854,null,Devon Johnson,RB,CAR,RB,CAR,null,0,null,null,null,109,null,null,null,null,null,null,0,0,3.3019,null
2556882,null,Jake Lampman,WR,NO,WR,NO,null,0.361,null,null,null,141,null,null,0.0429,null,null,null,0.6227,0,null,null
2557531,null,Troymaine Pope,RB,FA,RB,FA,null,0.1665,null,null,null,101,null,null,0.0072,null,null,null,0.2621,0,3.7075,null